company_name,company_website,CompanyName,Address,City,State,Zip,County,Country,Website,PhoneNumber,FaxNumber,SICCode,IndustryName,6DigitSICCode,NAICSCode,NAICSDescription,LinkedInIndustryName,StockTicker,Revenue,NumberEmployees,YrFounded,AlexaRank,CompanyLinkedIn,CompanyFacebook,CompanyTwitter,CompanyInstagram,CompanyYelp,CompanyYouTube,CompanyCrunchbase,LeadSource
"General Dynamics Information Technology, Inc",gdit.com,"General Dynamics Information Technology, Inc.",3211 Jermantown Rd Ste 700,Fairfax,VA,22030,Fairfax City,United States,gdit.com,(703) 995-8700,(757) 424-1765,73,"Business Services, Information Technology And Services",511207,5415,Computer Systems Design and Related Services,Information Technology And Services,"",Over $1 Billion,"Over 10,000",1952,84334,https://www.linkedin.com/company/1905,https://www.facebook.com/GeneralDynamicsIT,https://twitter.com/GenDyn_IT,https://www.instagram.com/generaldynamics/,,https://www.youtube.com/user/GDC4Systems,,UpLead
Company.com,company.com,Company.com,590 Mimosa 3340 Peachtree Rd Ne Ste #1010,Atlanta,GA,30326,Dekalb,United States,company.com,(770) 992-1678,"",737,"Computer Programming, Data Processing, And Other Computerrelated, Computer Software",539901,5418,"Advertising, Public Relations, and Related Services",Computer Software,"",$10 Million - $50 Million,10 to 50,2009,264229,https://www.linkedin.com/company/company-com,,https://twitter.com/companydotcom,,,,https://www.crunchbase.com/organization/company-com,UpLead
Confluent,confluent.io,Confluent Inc.,756 California Ave Ste A,Mountain View,CA,94041,Santa Clara,United States,confluent.io,(630) 414-1006,"",7372,"Prepackaged Software, Computer Software",737299,5112,Software Publishers,Computer Software,"",$10 Million - $50 Million,50 to 200,2014,23109,https://www.linkedin.com/company/confluent,https://www.facebook.com/confluentinc,https://twitter.com/ConfluentInc,,,,https://www.crunchbase.com/organization/confluent,UpLead
General Electric,ge.com,General Electric Company,41 Farnsworth St,Boston,MA,02210-1236,Suffolk,United States,ge.com,(617) 443-3000,(203) 373-3131,36,"Electronic & Other Electrical Equipment & Components, Electrical/Electronic Manufacturing",738943,522220,Sales Financing,Electrical/Electronic Manufacturing,GE,Over $1 Billion,"Over 10,000",1892,11051,https://www.linkedin.com/company/ge,https://www.facebook.com/GE,https://twitter.com/generalelectric,http://instagram.com/generalelectric,http://www.yelp.com/biz/ge-company-fairfield-2,https://youtube.com/user/GE,https://www.crunchbase.com/organization/general-electric,UpLead
Measurelab,measurelab.co.uk,Measurelab,,Lewes,east sussex,"","","",measurelab.co.uk,441273470615,"","",Internet,,"",,Internet,"","","",2013,,https://www.linkedin.com/company/3151584,"","","","","","",UpLead
Rebtel,rebtel.com,Rebtel Networks AB,Jakobsbergsgatan 16,Stockholm,,,"",Sweden,rebtel.com,46 8 51 90 61 00,"",7372,"Prepackaged Software, Telecommunications",481311,5112,Software Publishers,Telecommunications,"",$10 Million - $50 Million,50 to 200,2006,80421,https://www.linkedin.com/company/rebtel,,https://twitter.com/Rebtel,,,https://youtube.com/user/RebtelNetworks,http://www.crunchbase.com/organization/rebtel,UpLead
Teamwork,teamwork.com,Teamwork.com,North Point House North Point Business Park,Blackpool,Cork,,"",Ireland,teamwork.com,,"",7372,"Prepackaged Software, Computer Software",,5112,Software Publishers,Computer Software,"",$1 Million - $10 Million,50 to 200,2007,2973,https://www.linkedin.com/company/teamwork-com,https://www.facebook.com/TeamworkPM,https://twitter.com/teamwork,,,,,UpLead
Solutions,solutions-inc.co.uk,Solutions Inc. Limited,255 Old Shoreham Rd,Hove,,BN3 7ED,"",United Kingdom,solutions-inc.co.uk,44 12 7320 0825,"",80,"Health Services, Information Technology And Services",,453,Miscellaneous Store Retailers,Information Technology And Services,"","","",1992,,,,,,,,,UpLead
Quaff Ltd,quaffwine.com,Quaff Fine Wine Merchant Ltd.,139 141 Portland Rd Hove,East Sussex,,BN3 5QJ,,United Kingdom,quaffwine.com,,,2084,"Wines, Brandy, And Brandy Spirits, Food & Beverages",,31213,Wineries,Food & Beverages,,"","",2005,,https://www.linkedin.com/company/quaff-fine-wine-merchant-ltd-,,https://twitter.com/quaffwine,,,,,UpLead
Robert Harding Computers,rh-computers.com,Robert Harding Computers Ltd,65 A Sackville Rd,Hove,East Sussex,BN3 3WE,,United Kingdom,rh-computers.com,+44 1273 728827,,737,"Computer Programming, Data Processing, And Other Computerrelated, Information Technology And Services",,54151,Computer Systems Design and Related Services,Information Technology And Services,,Under $1 Million,1 to 10,1981,,https://www.linkedin.com/company/robert-harding-computers-ltd,,,,,,,UpLead
StartupRanking,startupranking.com,Startup Ranking,Jr. Soledad 247 Dpto. 703,Lima,,LIMA 14,"",Peru,startupranking.com,0947539631,"",737,"Computer Programming, Data Processing, And Other Computerrelated, Information Technology And Services",,54151,Computer Systems Design and Related Services,Information Technology And Services,"","","",2013,85819,https://www.linkedin.com/company/startupranking,https://www.facebook.com/StartupRanking,https://twitter.com/StartupRanking,,,,,UpLead
Propertyfinder FZ-LLC,propertyfinder.ae,propertyfinder FZ-LLC,1505 Shatha Tower Dubai Media City Po Box 50954,Dubai,,,"",United Arab Emirates,propertyfinder.ae,971 4 556 0300,"",737,"Computer Programming, Data Processing, And Other Computerrelated, Marketing And Advertising",,54151,Computer Systems Design and Related Services,Marketing And Advertising,"","","",2007,26710,https://www.linkedin.com/company/propertyfinder-ae,https://www.facebook.com/propertyfinderuae,https://twitter.com/property_finder,,,,,UpLead
Sussex Payroll Services,sussexpayrollservices.co.uk,Sussex Payroll Services Ltd,The Mallings 112 Malling Street,Lewes,East Sussex,BN7 2RG,"",United Kingdom,sussexpayrollservices.co.uk,,"",73,"Business Services, Financial Services",,52,Finance and Insurance,Financial Services,"",$1 Million - $10 Million,1 to 10,2010,,https://www.linkedin.com/company/sussex-payroll-services-ltd,,,,,,,UpLead
Deko,dekopay.com,Deko,,London,,,"",United Kingdom,dekopay.com,,"",7299,"Miscellaneous Personal Services, Financial Services",,52,Finance and Insurance,Financial Services,"",$10 Million - $50 Million,50 to 200,2008,251053,https://www.linkedin.com/company/dekopay,,,,,,,UpLead
Pay4Later,pay4later.com,Pay4Later Limited,33 Street Mary Axe,London,,C3A 8AG,,United Kingdom,pay4later.com,44 80 0021 7150,,737,"Computer Programming, Data Processing, And Other Computerrelated, Computer Software",,54151,Computer Systems Design and Related Services,Computer Software,,$10 Million - $50 Million,50 to 200,2007,,https://www.linkedin.com/company/1048818,,https://twitter.com/Pay4Later,,,,http://www.crunchbase.com/company/pay4later,UpLead
Contentsquare,contentsquare.com,Content Square SAS,50 Avenue Montaigne,Paris,,75008,"",France,contentsquare.com,33 1 83 75 88 00,"",737,"Computer Programming, Data Processing, And Other Computerrelated, Internet",,54151,Computer Systems Design and Related Services,Internet,"",$10 Million - $50 Million,50 to 200,2009,,https://www.linkedin.com/company/content-square,https://www.facebook.com/pages/Content-Square/366046473430667,https://twitter.com/ContentSquare,,,https://youtube.com/user/Weballwin1,,UpLead
Asendia,asendia.com,Asendia Management SAS,111 Boulevard Brune Cedex 14,Paris,,75670,"",France,asendia.com,33 8 10 82 18 21,"",42,"Motor Freight Transportation, Logistics And Supply Chain",733104,4921,Couriers and Express Delivery Services,Logistics And Supply Chain,"",$200 Million - $1 Billion,"1,000 to 5,000",2012,613057,https://www.linkedin.com/company/asendia,https://www.facebook.com/asendiagroup,https://twitter.com/ASENDIAChannel,,,https://youtube.com/asendiachannel,,UpLead
Frichti,frichti.co,"Frichti, SAS",12 Bis Rue Girardon,Paris,,75018,"",France,frichti.co,33 7 83 91 83 94,"",7299,"Miscellaneous Personal Services, Restaurants",,54199,"All Other Professional, Scientific, and Technical Services",Restaurants,"",$10 Million - $50 Million,200 to 500,2015,104893,,https://facebook.com/frichti.co,https://twitter.com/frichtifrichti,,,,,UpLead
The State University of New York,suny.edu,The State University of New York,353 Broadway,Albany,NY,12246,Albany,United States,suny.edu,518.320.1100,(518) 320-1548,82,"Educational Services, Higher Education",822101,6113,"Colleges, Universities, and Professional Schools",Higher Education,"",Over $1 Billion,"Over 10,000",1948,6082,https://www.linkedin.com/company/state-university-of-new-york,https://www.facebook.com/generationsuny,https://twitter.com/SUNY,,,,,UpLead
Neurocom SA,neurocom.gr,Neurocom S.A.,Vasileos Pirrou 1 & Mikras Asias Halandri,Athens,,15233,Allegheny,Greece,neurocom.gr,30 210 68 40 024,,7372,"Prepackaged Software, Computer Software",,5112,Software Publishers,Computer Software,,$1 Million - $10 Million,10 to 50,1999,,https://www.linkedin.com/company/neurocom-sa,,,,,,,UpLead
NHS Wales,wales.nhs.uk,Ysbyty Gwynedd,Penrhosgarnedd,Bangor,,LL57 2PW,"",United Kingdom,wales.nhs.uk,44 1248 384384,"",80,"Health Services, Hospital & Health Care",,62,Health Care and Social Assistance,Hospital & Health Care,"",Over $1 Billion,"Over 10,000",,108346,https://www.linkedin.com/company/6689483,https://facebook.com/publichealthwales,,,,,,UpLead
TreasureHunt,treasurehuntstudios.com,TreasureHunt,Chausseestrasse 8,Berlin,,10115,"",Germany,treasurehuntstudios.com,,"",7372,"Prepackaged Software, Computer Games",,5112,Software Publishers,Computer Games,"",$1 Million - $10 Million,10 to 50,2014,,https://www.linkedin.com/company/9304480,,https://twitter.com/TreasureHunt_HQ,,,,,UpLead
Parcel2go,parcel2go.com,Parcel2Go,The Cube Coe Street,Bolton,,BL3 6BU,"",United Kingdom,parcel2go.com,+44 844 847 2600,"",4215,"Courier Services, Except By Air, Package/Freight Delivery",,49221,Local Messengers and Local Delivery,Package/Freight Delivery,"","","",1990,28909,,,https://twitter.com/Parcel2Go,,,,,UpLead
Fidelity,fidelity.com,Fidelity Investments Inc,245 Summer St Z1j,Boston,MA,02210,Suffolk,United States,fidelity.com,800.482.0156,"",6282,"Investment Advice, Financial Services",628203,523930,Investment Advice,Financial Services,"",Over $1 Billion,"Over 10,000",1946,540,https://www.linkedin.com/company/fidelity-investments,https://www.facebook.com/fidelityinvestments,https://twitter.com/Fidelity,,http://www.yelp.com/biz/fidelity-investments-boston,https://youtube.com/fidelityinvestments,https://www.crunchbase.com/organization/fidelity-investments,UpLead
DataRobot,datarobot.com,"DataRobot, Inc.",One International Pl 5th Fl,Boston,MA,2110,Suffolk,United States,datarobot.com,(617) 765-4500,"",737,"Computer Programming, Data Processing, And Other Computerrelated, Information Technology And Services",,54151,Computer Systems Design and Related Services,Information Technology And Services,"",$10 Million - $50 Million,200 to 500,2012,118958,https://www.linkedin.com/company/datarobot,https://www.facebook.com/datarobotinc,https://twitter.com/DataRobot,https://www.instagram.com/datarobot/,,https://www.youtube.com/channel/UC5fFOfzgxQ9XVqNesi9U0MQ,https://www.crunchbase.com/organization/datarobot,UpLead
Att,att.com,AT&T Inc.,208 S Akard St,Dallas,TX,75202-4206,Dallas,United States,att.com,(210) 821-4105,(302) 655-5049,4812,"Radiotelephone Communication, Telecommunications",737417,517110,Wired Telecommunications Carriers,Telecommunications,T,Over $1 Billion,"Over 10,000",1983,670,https://www.linkedin.com/company/att,https://www.facebook.com/ATTSmallBiz,https://twitter.com/ATT,https://instagram.com/att/,http://www.yelp.com/biz/at-and-t-dallas-12,https://youtube.com/ShareATT#g,http://www.crunchbase.com/organization/at-t,UpLead
Facet,facetdata.com,SMB Associates LLC,,Denver,CO,,,United States,facetdata.com,,,73,"Business Services, Computer Software",,5415,Computer Systems Design and Related Services,Computer Software,,Under $1 Million,1 to 10,,,,,,,,,,UpLead
Guild Education,guildeducation.com,"Guild Education, Inc.",40 Ventura Ave,Palo Alto,CA,94306,Santa Clara,United States,guildeducation.com,(720) 709-2871,"",82,"Educational Services, Higher Education",,611,Educational Services,Higher Education,"",$10 Million - $50 Million,50 to 200,2015,168860,https://www.linkedin.com/company/guild-education,https://www.facebook.com/GuildEducation/,http://twitter.com/GuildEducation,,,,https://www.crunchbase.com/organization/guild-education,UpLead
Accenture,accenture.com,Accenture PLC,1 Grand Canal Sq Grand Canal Harbour Dublin,Dublin,,2,"",Ireland,accenture.com,+353 16462000,+353 16462020,737,"Computer Programming, Data Processing, And Other Computerrelated, Information Technology And Services",573401,54151,Computer Systems Design and Related Services,Information Technology And Services,ACN,Over $1 Billion,"Over 10,000",1989,2073,https://www.linkedin.com/company/accenture,https://www.facebook.com/accenture,https://twitter.com/Accenture,https://instagram.com/accenturecareers_us/,http://www.yelp.com/biz/accenture-arlington-2,https://youtube.com/accenture,http://www.crunchbase.com/organization/accenture,UpLead
Vertice Cloud,verticecloud.com,Vertice Cloud,Vertice 31 Mespil Road,Dublin,,,,Ireland,verticecloud.com,,,737,"Computer Programming, Data Processing, And Other Computerrelated, Information Technology And Services",,54151,Computer Systems Design and Related Services,Information Technology And Services,,$1 Million - $10 Million,10 to 50,2009,,https://www.linkedin.com/company/vertice,,,,,,,UpLead
SplashBI,splashbi.com,SplashBI On-Demand Reporting and BI,,Duluth,GA,,Gwinnett,United States,splashbi.com,(678) 251-4678,"",7372,"Prepackaged Software, Computer Software",,5112,Software Publishers,Computer Software,"",$1 Million - $10 Million,10 to 50,2014,,https://www.linkedin.com/company/splash-bi,,,,,,,UpLead
Nuware Technology Corp.,nuware.com,Nuware Technology Corp.,100 Wood Ave S Ste 122,Iselin,NJ,08830,Middlesex,United States,nuware.com,(732) 494-0550,"",73,"Business Services, Computer Software",737311,5415,Computer Systems Design and Related Services,Computer Software,"",$1 Million - $10 Million,10 to 50,1994,,https://www.linkedin.com/company/nuware,https://www.facebook.com/NuWareCo,https://twitter.com/NuWareCo,,,https://youtube.com/NuWareCo,,UpLead
Sentinel,sentinelit.com,Sentinel,Northfields 20   26 St. John's Road,Tunbridge Wells,Kent,TN4 9NT,"",United Kingdom,sentinelit.com,441892550000,441892618558,7363,"Help Supply Services, Staffing And Recruiting",,5613,Employment Services,Staffing And Recruiting,"",$1 Million - $10 Million,10 to 50,1997,,https://www.linkedin.com/company/sentinel-it,,,,,,,UpLead
Shaftesbury PLC,shaftesbury.co.uk,Shaftesbury PLC,22 Ganton St,London W1 F,,7FD,"",United Kingdom,shaftesbury.co.uk,+44 20 7333 8118,"",5813,"Drinking Places, Real Estate",,721,Accommodation,Real Estate,SHB,$100 Million - $200 Million,10 to 50,1986,555117,https://www.linkedin.com/company/shaftesbury-plc,,https://twitter.com/CarnabyLondon,,,,,UpLead
SIMBA,simbasleep.com,Simba Sleep Limited,42 Brook St,London,,W1K 5DB,"",United Kingdom,simbasleep.com,44 20 8629 1450,"",,Retail,,3371,Household and Institutional Furniture and Kitchen Cabinet Manufacturing,Retail,"","","",2015,247662,,,,,,,,UpLead
BridgeU,bridge-u.com,BridgeU Limited,1st Floor Buckhurst House 42/44 Buckhurst Ave,Sevenoaks,,N13 1LZ,"",United Kingdom,bridge-u.com,19175875373,"",737,"Computer Programming, Data Processing, And Other Computerrelated, E Learning",,54151,Computer Systems Design and Related Services,E Learning,"",$1 Million - $10 Million,10 to 50,2013,300706,https://www.linkedin.com/company/5244860,https://www.facebook.com/yourBridgeU,https://twitter.com/BridgeU,,,,,UpLead
Simply Business,simplybusiness.co.uk,Xbridge Limited,One Finsbury Sq,London,,C2A 1AE,"",United Kingdom,simplybusiness.co.uk,44 33 3014 6683,4.42079E+11,63,"Insurance Carriers, Insurance",,524,Insurance Carriers and Related Activities,Insurance,"",$50 Million - $100 Million,200 to 500,2000,64399,https://linkedin.com/company/simply-business_39914,https://www.facebook.com/Simply.Business.Insurance,https://twitter.com/SB_help,,,,,UpLead
REED,reed.co.uk,Reed Online Ltd,Academy Court 94 Chancery Ln,London,,C2A 1DT,"",United Kingdom,reed.co.uk,44 8452 419 293,"",7389,"Business Services, Nec, Staffing And Recruiting",,54,"Professional, Scientific, and Technical Services",Staffing And Recruiting,"",$10 Million - $50 Million,200 to 500,2000,7738,https://www.linkedin.com/company/reed-online-limited,https://www.facebook.com/reedcouk,https://twitter.com/reedcouk,,,,http://www.crunchbase.com/organization/reed-co-uk,UpLead
Yieldify,yieldify.com,Yieldify Ltd.,1st Floor Providian House 16 18 Monument St,London,,C3R 8AJ,"",United Kingdom,yieldify.com,44 20 8123 9918,"",737,"Computer Programming, Data Processing, And Other Computerrelated, Computer Software",,54151,Computer Systems Design and Related Services,Computer Software,"",$10 Million - $50 Million,50 to 200,2013,203101,https://www.linkedin.com/company/yieldify,https://www.facebook.com/pages/Yieldify/427516487337763,https://twitter.com/Yieldify,,,,http://www.crunchbase.com/organization/yieldify,UpLead
Cytora,cytora.com,Cytora Limited,113 Shoreditch High St,London,,,"",United Kingdom,cytora.com,44 20 3004 9900,"",737,"Computer Programming, Data Processing, And Other Computerrelated, International Affairs",,54151,Computer Systems Design and Related Services,International Affairs,"",$1 Million - $10 Million,10 to 50,2013,,https://www.linkedin.com/company/cytora,,https://twitter.com/CytoraTech,,,,,UpLead
Metail,metail.com,Metail Limited,The Loom 14 Gower's Walk,London,,,"",United Kingdom,metail.com,44 2032 890 028,"",7372,"Prepackaged Software, Internet",,5112,Software Publishers,Internet,"",$10 Million - $50 Million,50 to 200,2007,,https://www.linkedin.com/company/metail,,https://twitter.com/Metail,https://instagram.com/metailagram/,,,http://www.crunchbase.com/organization/metail,UpLead
Permira,permira.com,Permira,80 Pall Mall,London,,SW1Y 5ES,"",United Kingdom,permira.com,4.42076E+11,"",62,"Security & Commodity Brokers, Dealers, Exchanges & Services, Venture Capital & Private Equity",679902,5239,Other Financial Investment Activities,Venture Capital & Private Equity,"","","",1985,262611,https://www.linkedin.com/company/permira,,http://twitter.com/PermiraNews,,,https://www.youtube.com/user/PermiraTV,http://www.crunchbase.com/organization/permira,UpLead
GoCardless,gocardless.com,GoCardless Ltd.,Floor 2 White Bear Yard 144a Clerkenwell Rd,London,,C1R 5DP,"",United Kingdom,gocardless.com,44 20 8123 7982,"",737,"Computer Programming, Data Processing, And Other Computerrelated, Financial Services",,54151,Computer Systems Design and Related Services,Financial Services,"",$10 Million - $50 Million,50 to 200,2011,47075,https://www.linkedin.com/company/gocardless,,https://twitter.com/GoCardless,https://www.instagram.com/gocardless/,,,https://www.crunchbase.com/organization/gocardless,UpLead
Monzo,monzo.com,Monzo Bank,38 Finsbury Square  England,London,greater london,EC2A 1,"",United Kingdom,monzo.com,0800 8021456,"",6029,Banking,,52211,,Banking,"",$100 Million - $200 Million,200 to 500,2015,46362,https://www.linkedin.com/company/monzo-bank,"","","","","","",UpLead
Secret Spa,secretspa.co.uk,Secret Spa,,London,,,,United Kingdom,secretspa.co.uk,,,7299,"Miscellaneous Personal Services, Health, Wellness And Fitness",,446,Health and Personal Care Stores,"Health, Wellness And Fitness",,Under $1 Million,1 to 10,2015,,https://www.linkedin.com/company/secret-spa,,,,,,,UpLead
Octopus Investments Ltd.,octopusinvestments.com,Octopus Apollo VCT PLC,20 Old Bailey,London Ec4 M,,7AN,,United Kingdom,octopusinvestments.com,,,,"",,,,,OAPD,$1 Million - $10 Million,"",2006,,,,https://twitter.com/Octopus_UK,,,,https://www.crunchbase.com/organization/octopus-investments,UpLead
ZPG,zpg.co.uk,Zpg Plc,The Cooperage 5 Copper Row,London Se1,,2LH,"",United Kingdom,zpg.co.uk,,+44 20 7620 4770,65,Real Estate,,53,Real Estate and Rental and Leasing,Real Estate,ZPG,$50 Million - $100 Million,"",2008,,https://www.linkedin.com/company/zoopla-property-group-ltd,https://www.facebook.com/ZooplaUK/,http://twitter.com/Zoopla,https://www.instagram.com/zoopla/,,https://www.youtube.com/user/ZooplaUK,https://www.crunchbase.com/organization/zoopla,UpLead
CACI,caci.co.uk,CACI Limited,Kensington Village Avonmore Rd,London,,W14 8TS,"",United Kingdom,caci.co.uk,44 20 7602 6000,"",737,"Computer Programming, Data Processing, And Other Computerrelated, Information Technology And Services",,54151,Computer Systems Design and Related Services,Information Technology And Services,"",$50 Million - $100 Million,"",1975,,https://www.linkedin.com/company/caci-limited,,https://twitter.com/CACI_LocStrat,,,https://youtube.com/caciltd,,UpLead
Vinterior,vinterior.co,Vinterior,International House 24 Holborn Viaduct,London,,EC1A 2BN,"",United Kingdom,vinterior.co,,"",5021,"Furniture, Design",,44211,Furniture Stores,Design,"",Under $1 Million,1 to 10,2015,275361,https://www.linkedin.com/company/vinterior,,,,,,,UpLead
MVF Global,mvfglobal.com,MVF Global Ltd.,Ryland House 24a Ryland Rd,London,,NW5 3EH,"",United Kingdom,mvfglobal.com,44 20 7424 3140,"",737,"Computer Programming, Data Processing, And Other Computerrelated, Internet",,54151,Computer Systems Design and Related Services,Internet,"",$10 Million - $50 Million,"",2009,,https://www.linkedin.com/company/mvf,https://www.facebook.com/mvfglobal,https://twitter.com/MVFGlobal,,,,http://www.crunchbase.com/organization/mvf-global,UpLead
Barclays,barclays.com,Barclays,1 Churchill Pl. Canary Wharf,London,greater london,E14 5HP,"",United Kingdom,barclays.com,44 20 7116 1000,442071167665,6035,Financial Services,672211,523110,,Financial Services,"",Over $1 Billion,"Over 10,000",1713,29986,https://www.linkedin.com/company/1426,HTTPS://WWW.FACEBOOK.COM/BARCLAYSUK,https://twitter.com/Barclaysplc,,http://www.yelp.com/biz/sky-auditorium-new-york,https://www.youtube.com/user/Metlife,,UpLead
TES.com,tes.com,Tes Association Inc,Grand Central Station Inc,New York,NY,10163,New York,United States,tes.com,09176960834,,4899,"Communication Services, Nec, Nonprofit Organization Management",506330,813219,Other Grantmaking and Giving Services,Nonprofit Organization Management,,Under $1 Million,"",,4137,,https://www.facebook.com/blendspace,https://twitter.com/blendspace,,,,,UpLead
Lambert Labs,lambertlabs.com,Lambert Labs,,London,london,"","","",lambertlabs.com,,"","",Computer Software,,"",,Computer Software,"","","",2017,,https://www.linkedin.com/company/lambertlabs,"","","","","","",UpLead
Gravitas Recruitment Group,gravitasrecruitmentgroup.com,Gravitas Recruitment Group (UK) Ltd,3rd Floor 6 Bevis Marks,London,,EC3A 7BA,"",United Kingdom,gravitasrecruitmentgroup.com,4.42036E+11,4.42036E+11,7363,"Help Supply Services, Staffing And Recruiting",,5613,Employment Services,Staffing And Recruiting,"",$10 Million - $50 Million,50 to 200,2009,,https://www.linkedin.com/company/gravitas-recruitment-group-uk,https://www.facebook.com/gravitasrecruitmentgroup/,https://twitter.com/GravitasJobs,,,https://www.youtube.com/channel/UCxwggC5EenCf2SxVQkWUF-g,,UpLead
Tandem Bank,tandem.co.uk,Tandem Bank Limited,16 Upper Woburn Place 3rd Floor,London,,C1H 0BS,"",United Kingdom,tandem.co.uk,,"",737,"Computer Programming, Data Processing, And Other Computerrelated, Banking",,54151,Computer Systems Design and Related Services,Banking,"","","",2013,249926,,,,,,,https://www.crunchbase.com/organization/tandem-5,UpLead
Onfido Ltd,onfido.com,Onfido Ltd.,40 Long Acre Covent Garden,London,,C2E 9LG,"",United Kingdom,onfido.com,44 20 8133 3628,"",737,"Computer Programming, Data Processing, And Other Computerrelated, Information Technology And Services",,54151,Computer Systems Design and Related Services,Information Technology And Services,"",$10 Million - $50 Million,50 to 200,2012,57686,https://www.linkedin.com/company/2697456,https://www.facebook.com/Onfido,https://twitter.com/Onfido,,,,https://www.crunchbase.com/organization/onfido,UpLead
Change Management Group Ltd,cmg-change.com,Change Management Group,,London,greater london,"","","",cmg-change.com,442088199459,442087488951,"",Management Consulting,,"",,Management Consulting,"","","",,,https://www.linkedin.com/company/262668,,https://twitter.com/CMG_Change,,,,,UpLead
The Business of Fashion,businessoffashion.com,The Business of Fashion Ltd.,59 Ledbury Rd Flat 2,London,,W11 2AA,"",United Kingdom,businessoffashion.com,4.47868E+11,"",737,"Computer Programming, Data Processing, And Other Computerrelated, Online Media",,54151,Computer Systems Design and Related Services,Online Media,"",$1 Million - $10 Million,10 to 50,2007,17150,https://www.linkedin.com/company/the-business-of-fashion,https://www.facebook.com/businessoffashion,https://twitter.com/BoF,https://instagram.com/bof,,https://youtube.com/user/BusinessofFashion,http://www.crunchbase.com/organization/the-business-of-fashion,UpLead
IG Group,ig.com,IG Index Limited,Cannon Bridge House 25 Dowgate Hill,London,,C4R 2YA,"",United Kingdom,ig.com,44 20 7896 0011,"",6211,"Security Brokers And Dealers, Financial Services",,523110,Investment Banking and Securities Dealing,Financial Services,"",$100 Million - $200 Million,"",1974,6367,https://www.linkedin.com/company/ig-index-limited,https://www.facebook.com/IGcom,https://twitter.com/IGcom,,,,,UpLead
Transparency International UK,transparency.org.uk,Transparency International UK,32   36 Loman St,London,London,SE1 0EH,"",United Kingdom,transparency.org.uk,,"",86,"Membership Organizations, Non Profit Organization Management",,813,"Religious, Grantmaking, Civic, Professional, and Similar Organizations",Non Profit Organization Management,"",$1 Million - $10 Million,10 to 50,1994,717135,https://www.linkedin.com/company/transparencyuk,https://www.facebook.com/transparencyuk,https://twitter.com/TransparencyUK,,,https://youtube.com/transparencyuk,,UpLead
Mumsnet Ltd.,mumsnet.com,Marks Mayhem,,"",,,"",United Kingdom,mumsnet.com,442030510167,"",7361,"Employment Agencies, Internet",,541612,Human Resources Consulting Services,Internet,"",Under $1 Million,1 to 10,2000,9506,https://www.linkedin.com/company/marks-mayhem,https://www.facebook.com/mumsnet,https://twitter.com/MumsnetTowers,,,https://youtube.com/user/Mumsnet,,UpLead
PlayStation,playstation.com,Sony Computer Entertainment Europe Limited,10 Great Marlborough St,London,,W1F 7LP,"",United Kingdom,playstation.com,44 20 3538 2665,"",7372,"Prepackaged Software, Entertainment",,334,Computer and Electronic Product Manufacturing,Entertainment,"",$200 Million - $1 Billion,"1,000 to 5,000",1995,,https://www.linkedin.com/company/sony-computer-entertainment-europe,https://www.facebook.com/PlayStation,https://twitter.com/PlayStation,,,https://youtube.com/user/PlayStation,,UpLead
Founders Forum,ff.co,Founders Forum Inc,Po Box 360066,Melbourne,FL,32936,Brevard,United States,ff.co,,"",86,"Membership Organizations, Management Consulting",,8132,Grantmaking and Giving Services,Management Consulting,"",Under $1 Million,"",2013,,https://www.linkedin.com/company/founders-forum,,,,,,,UpLead
Metabolic Healthcare Ltd,echo.co.uk,Metabolic Healthcare Ltd,228 230 Uxbridge Rd,London,,W12 7JD,"",United Kingdom,echo.co.uk,,"",80,"Health Services, Health, Wellness And Fitness",,62,Health Care and Social Assistance,"Health, Wellness And Fitness","","","",2015,,,,,,,,https://www.crunchbase.com/organization/echo-8,UpLead
Bought By Many Ltd,boughtbymany.com,Bought By Many Ltd.,31 35 Kirby St,London,,C1N 8TE,"",United Kingdom,boughtbymany.com,44 20 3008 4427,"",737,"Computer Programming, Data Processing, And Other Computerrelated, Insurance",,54151,Computer Systems Design and Related Services,Insurance,"",$1 Million - $10 Million,10 to 50,2011,179146,https://www.linkedin.com/company/bought-by-many,,https://twitter.com/boughtbymany,https://www.instagram.com/boughtbymany/,,,https://www.crunchbase.com/organization/boughtbymany/,UpLead
Oddbox,oddbox.co.uk,Oddbox,,London,london,"","","",oddbox.co.uk,,"","",Food & Beverages,,"",,Food & Beverages,"","","",2016,713862,https://www.linkedin.com/company/oddbox,"","","","","","",UpLead
Peak,peak.net,Brainbow Limited,57 Rathbone Pl,London,,W1T 1JU,"",United Kingdom,peak.net,447877340184,"",7372,"Prepackaged Software, Health, Wellness And Fitness",,5112,Software Publishers,"Health, Wellness And Fitness","","","",2012,531354,,,,,,,https://www.crunchbase.com/organization/brainbow,UpLead
totallymoney,totallymoney.com,TotallyMoney,Churchill House 142 146 Old Street,London,,EC1V 9BW,"",United Kingdom,totallymoney.com,,"",,Financial Services,,52,Finance and Insurance,Financial Services,"",$1 Million - $10 Million,10 to 50,2006,210438,https://www.linkedin.com/company/totallymoney-com,,,,,,,UpLead
Datacomunique,datacomunique.com,Datacomunique,The Loft 68 Crescent Ln,London,,SW4 9PU,,United Kingdom,datacomunique.com,442070621048,,,"",,3231,Printing and Related Support Activities,,,"","",,,,https://www.facebook.com/Datacomunique,https://twitter.com/datacomunique,,,https://youtube.com/channel/UCJ9_sd7W1djQcV0daRMBcVQ,,UpLead
Energy Aspects Ltd.,energyaspects.com,Energy Aspects,1 Dock Offices Surrey Quays Road,London,,SE16 2XU,"",United Kingdom,energyaspects.com,442033224100,"",1389,"Oil And Gas Field Services, Nec, Oil & Energy",,21,"Mining, Quarrying, and Oil and Gas Extraction",Oil & Energy,"",$10 Million - $50 Million,50 to 200,2012,,https://www.linkedin.com/company/energy-aspects,,https://twitter.com/energyaspects,,,,,UpLead
Limejump,limejump.com,Limejump Limited,51 Tequila Wharf Commercial Rd,London,,E14 7LG,"",United Kingdom,limejump.com,442071275308,"",737,"Computer Programming, Data Processing, And Other Computerrelated, Renewables & Environment",,54151,Computer Systems Design and Related Services,Renewables & Environment,"","","",2012,,https://www.linkedin.com/company/limejump,,,,,,https://www.crunchbase.com/organization/limejump,UpLead
Tide,tide.co,Tide,,London,greater london,"","","",tide.co,,"","",Financial Services,,"",,Financial Services,"","","",2015,,https://www.linkedin.com/company/1640339632,"","","","","","",UpLead
Receipt Bank,receipt-bank.com,Receipt Bank Limited,6th Floor 154 160 Fleet St,London,,C4A 2DQ,"",United Kingdom,receipt-bank.com,44 20 3699 5006,"",7372,"Prepackaged Software, Information Services",,5112,Software Publishers,Information Services,"",$50 Million - $100 Million,200 to 500,8,40415,https://www.linkedin.com/company/receipt-bank,https://www.facebook.com/ReceiptBank,https://twitter.com/ReceiptBank,,,,https://www.crunchbase.com/organization/receiptfarm,UpLead
Live Better With,livebetterwith.com,Live Better With Ltd.,Commercial Unit 2 Aurora Building 124 East Rd,London,,,"",United Kingdom,livebetterwith.com,44 80 0118 2705,"",,Retail,,44619,Other Health and Personal Care Stores,Retail,"","","",2015,,,,,,,,https://www.crunchbase.com/organization/live-better-with,UpLead
OpenRent Ltd,openrent.co.uk,OpenRent Ltd.,Office 34 67 68 Hatton Garden,London,,C1N 8JY,"",United Kingdom,openrent.co.uk,44 20 3322 2733,"",737,"Computer Programming, Data Processing, And Other Computerrelated, Real Estate",,54151,Computer Systems Design and Related Services,Real Estate,"",$1 Million - $10 Million,10 to 50,2011,35103,https://www.linkedin.com/company/openrent,https://www.facebook.com/OpenRent,https://twitter.com/OpenRent,,,https://www.youtube.com/channel/UC2Exi1sUSch5GsGlqWlYd6w,https://www.crunchbase.com/organization/openrent,UpLead
MORI,babymori.com,Baby Mori Limited,Studio 118 Grand Union Studios 332 Ladbroke Grove,London,,W10 5AD,"",United Kingdom,babymori.com,44 20 3637 5543,"",59,"Miscellaneous Retail, Apparel & Fashion",,4243,"Apparel, Piece Goods, and Notions Merchant Wholesalers",Apparel & Fashion,"","","",2014,,https://www.linkedin.com/company/baby-mori-limited,,,https://www.instagram.com/babymoriuk/,,,https://www.crunchbase.com/organization/mori-2,UpLead
Thunderhead Ltd,thunderhead.com,Thunderhead Ltd.,4th Floor Ingeni Building 17 Broadwick Street Soho,London,,W1F 0DJ,"",United Kingdom,thunderhead.com,44 34 5130 9340,4.42082E+11,737,"Computer Programming, Data Processing, And Other Computerrelated, Computer Software",801101,54151,Computer Systems Design and Related Services,Computer Software,"",$50 Million - $100 Million,200 to 500,2001,305268,https://www.linkedin.com/company/thunderhead---com,,https://twitter.com/ThunderheadONE,,,,,UpLead
Farfetch,farfetch.com,Farfetch.com Limited,26 Grosvenor Street Mayfair,London,,W1K 4QW,"",United Kingdom,farfetch.com,44 16 2467 5610,"",59,"Miscellaneous Retail, Internet",999900,44,Retail Trade,Internet,"",$200 Million - $1 Billion,"1,000 to 5,000",2008,868,https://www.linkedin.com/company/farfetch.com,https://www.facebook.com/farfetch,https://twitter.com/farfetch,https://instagram.com/farfetch/,,http://www.youtube.com/user/farfetchdotcom,http://www.crunchbase.com/organization/farfetch,UpLead
Zoopla,zoopla.co.uk,Zoopla,182 194 Union St,London,,SE1 0LH,,United Kingdom,zoopla.co.uk,,,6531,"Real Estate Agents And Managers, Real Estate",,53,Real Estate and Rental and Leasing,Real Estate,,"","",2007,3023,,https://www.facebook.com/ZooplaUK,https://twitter.com/Zoopla,https://www.instagram.com/zoopla/,,,http://www.crunchbase.com/organization/zoopla,UpLead
Vitality UK,vitality.co.uk,Vitality Corporate Services Limited,Vitality 4th Floor 70 Gracechurch St,London,,C3V 0XL,"",United Kingdom,vitality.co.uk,44 2071 338 600,"",63,"Insurance Carriers, Insurance",,524,Insurance Carriers and Related Activities,Insurance,"","","1,000 to 5,000",2004,56944,https://www.linkedin.com/company/vitalityuk,HTTPS://WWW.FACEBOOK.COM/VITALITYUK,https://twitter.com/Vitality_UK,,,,,UpLead
Fiit,fiit.tv,Fiit,,London,london,"","","",fiit.tv,,"","","Health, Wellness And Fitness",,"",,"Health, Wellness And Fitness","","","",,,https://www.linkedin.com/company/1640023973,"","","","","","",UpLead
Ghana International Bank Plc,ghanabank.co.uk,Ghana International Bank Public Limited Company,67 Cheapside 1st Floor,London,,C2V 6AZ,"",United Kingdom,ghanabank.co.uk,44 84 5605 6004,442074899058,6029,"Commercial Banks, Nec, Banking",,522110,Commercial Banking,Banking,"",$10 Million - $50 Million,50 to 200,1959,,https://www.linkedin.com/company/ghana-international-bank-public-limited-company,,,,,,,UpLead
Acrotrend,acrotrend.com,Acrotrend Solutions Limited,,London,,,"",United Kingdom,acrotrend.com,442081233208,"",8742,"Management Consulting Services, Information Technology And Services",738911,54161,Management Consulting Services,Information Technology And Services,"","","",2007,,https://www.linkedin.com/company/acrotrend-solutions-limited,,https://twitter.com/Acrotrend,,,,,UpLead
Resolving Ltd,resolver.co.uk,Resolving Limited,Unit 1 52 Lant St,London,,SE1 1QP,"",United Kingdom,resolver.co.uk,44 7788 144 811,"",737,"Computer Programming, Data Processing, And Other Computerrelated, Consumer Services",,54151,Computer Systems Design and Related Services,Consumer Services,"",Under $1 Million,1 to 10,2012,85595,https://www.linkedin.com/company/resolving-limited,,https://twitter.com/resolvercouk,,,,https://www.crunchbase.com/organization/resolver-2,UpLead
Checkout.com,checkout.com,Checkout Ltd,32 Wigmore St,London,,W1U 2RP,"",United Kingdom,checkout.com,44 20 7323 3888,"",737,"Computer Programming, Data Processing, And Other Computerrelated, Financial Services",,54151,Computer Systems Design and Related Services,Financial Services,"",$10 Million - $50 Million,200 to 500,2010,24272,https://linkedin.com/company/checkout,https://www.facebook.com/checkout,https://twitter.com/checkout,,,,,UpLead
Add to Event Ltd.,addtoevent.co.uk,Full Stop Party Events Ltd,725 727 Garratt Ln,London,,SW17 0PD,"",United Kingdom,addtoevent.co.uk,,"",4899,"Communication Services, Nec, Events Services",,7223,Special Food Services,Events Services,"","","",,457034,https://www.linkedin.com/company/add-to-event,https://www.facebook.com/addtoevent,https://twitter.com/AddtoEvent,,,,,UpLead
Gousto,gousto.co.uk,SCA Investments Limited,3 Morris House,London,,,"",United Kingdom,gousto.co.uk,44 20 8743 4187,"",737,"Computer Programming, Data Processing, And Other Computerrelated, Food & Beverages",,54151,Computer Systems Design and Related Services,Food & Beverages,"",$10 Million - $50 Million,200 to 500,2011,420963,,https://www.facebook.com/followgousto,https://twitter.com/FollowGousto,https://www.instagram.com/goustocooking/,,,https://www.crunchbase.com/organization/gousto,UpLead
Wolf & Badger,wolfandbadger.com,Wolf & Badger Limited,32 Dover St,London,,W1S 4NE,"",United Kingdom,wolfandbadger.com,44 20 7229 4848,"",599,"Retail Stores, Not Elsewhere Classified, Retail",,453,Miscellaneous Store Retailers,Retail,"","","",2010,103413,https://www.linkedin.com/company/wolf-&-badger,https://www.facebook.com/wolfandbadger,https://twitter.com/wolfandbadger,https://www.instagram.com/wolfandbadger/,,https://www.youtube.com/channel/UCl6kGAMothlMssM-eLVtfYg,https://www.crunchbase.com/organization/wolf-badger,UpLead
HSBC,hsbc.com,HSBC Holdings PLC,8 Canada Sq,London E14,,5HQ,"",United Kingdom,hsbc.com,+44 20 7991 2652,+44 20 7992 4880,60,"Depository Institutions, Financial Services",628203,5221,Depository Credit Intermediation,Financial Services,HSBA,Over $1 Billion,"Over 10,000",1865,,https://www.linkedin.com/company/hsbc-commercial-banking,https://www.facebook.com/hsbcuk,http://twitter.com/hsbc_uk,,,https://www.youtube.com/user/HSBC,http://www.crunchbase.com/organization/hsbc,UpLead
Student Beans,studentbeans.com,Student Beans,Highgate Studios 53 79 Highgate Rd,London,Greater London,NW5 1TL,,United Kingdom,studentbeans.com,,,,Online Media,,5418,"Advertising, Public Relations, and Related Services",Online Media,,$1 Million - $10 Million,10 to 50,2005,25643,https://www.linkedin.com/company/the-beans-group,,https://twitter.com/studentbeans,,,,,UpLead
Superdry,superdry.com,Superdry Plc,Unit 60 The Runnings,Cheltenham Gl51,gloucestershire,9NW,"",United Kingdom,superdry.com,44(124) 257-8376,"",59,"Miscellaneous Retail, Apparel & Fashion",,44,,Apparel & Fashion,SEPGF,Over $1 Billion,"1,000 to 5,000",2009,,https://www.linkedin.com/company/1239760,https://www.facebook.com/Superdry,https://twitter.com/Superdry,,,,,UpLead
Lyst,lyst.com,Lyst Ltd.,44 46 New Inn Yard 3rd Floor,London,,C2A 3EY,"",United Kingdom,lyst.com,44 2070 333 841,"",51,"Wholesale Trade   Nondurable Goods, Apparel & Fashion",,315,Apparel Manufacturing,Apparel & Fashion,"",$10 Million - $50 Million,50 to 200,2010,5131,https://www.linkedin.com/company/lyst,https://www.facebook.com/Lyst,https://twitter.com/lyst,,,,,UpLead
EDF Energy,edfenergy.com,EDF Energy (Enterprises) Limited,Victoria 40 Grosvenor Place,London,,SW1X 7EN,"",United Kingdom,edfenergy.com,44 20 7752 2429,4.42E+11,49,"Electric, Gas And Sanitary Services, Utilities",173101,22,Utilities,Utilities,"",Over $1 Billion,"Over 10,000",1991,31599,https://www.linkedin.com/company/edf-energy,https://www.facebook.com/edfenergy,https://twitter.com/edfenergy,,,https://youtube.com/EDFEnergy,https://www.crunchbase.com/organization/edf-renewable-energy,UpLead
BAE Systems,baesystems.com,BAE Systems PLC,Stirling Square 6 Carlton Gardens,London Sw1 Y,,5AD,"",United Kingdom,baesystems.com,+44 12 5238 3857,+44 12 5238 3991,37,"Transportation Equipment, Defense & Space",874833,3364,Aerospace Product and Parts Manufacturing,Defense & Space,BA,Over $1 Billion,"Over 10,000",1999,27855,https://www.linkedin.com/company/bae-systems,https://www.facebook.com/BAESystemsplc,https://twitter.com/BAESystemsplc,https://www.instagram.com/baesystems/,http://www.yelp.com/biz/bae-systems-greenlawn-2,https://www.youtube.com/user/BAESystemsplc,https://www.crunchbase.com/organization/bae-systems,UpLead
Informa,informa.com,Informa PLC,5 Howick Pl,London Sw1 P,,1WG,"",United Kingdom,informa.com,44 20 7017 5000,"",2721,Information Services,272102,519,Other Information Services,Information Services,IFPJF,Over $1 Billion,"5,000 to 10,000",2014,38000,https://www.linkedin.com/company/164356,https://www.facebook.com/pages/Informa-PLC/12602585785,https://twitter.com/InformaPLC,,,,http://www.crunchbase.com/organization/informa-plc,UpLead
SME Capital,smecapital.com,SME Platform Ltd.,4 Th Floor 1 4 Grosvenor Pl,London,,W1X 7HJ,,United Kingdom,smecapital.com,44 20 3866 4573,,737,"Computer Programming, Data Processing, And Other Computerrelated, Computer Software",,54151,Computer Systems Design and Related Services,Computer Software,,"","",2014,,,,,,,,,UpLead
Pollen,verve.co,Verve,,London,london,"","","",verve.co,,"","",Marketing And Advertising,,"",,Marketing And Advertising,"","","",,437682,https://www.linkedin.com/company/onverve,"","","","","","",UpLead
Focus I.T,focusitco.com,Focusit,28 F Tower 2 The Enterprise Centre 6766 Ayala,Makati,Makati,1227,,Philippines,focusitco.com,,,737,"Computer Programming, Data Processing, And Other Computerrelated",,54151,Computer Systems Design and Related Services,,,"","",,,,,,,,,,UpLead
Keboola,keboola.com,Keboola,Krizikova 488/115,Prague,Prague,18000,"",Czech Republic,keboola.com,+420246035141,"",7372,"Prepackaged Software, Information Technology And Services",,5112,Software Publishers,Information Technology And Services,"",$1 Million - $10 Million,10 to 50,2008,230880,https://www.linkedin.com/company/keboola,,https://twitter.com/keboola,,,,http://www.crunchbase.com/company/keboola,UpLead
"ORACLEWIZARD.COM, INC",oraclewizard.com,"Oraclewizard.Com, Inc",500 Creek Crossing Ln,Glen Burnie,MD,21060,Anne Arundel,United States,oraclewizard.com,5712764790,4107660332,4899,"Communication Services, Nec",573407,541511,Custom Computer Programming Services,,,Under $1 Million,1 to 10,2005,,https://www.linkedin.com/company/oraclewizard.com-inc,,,,,,,UpLead
Tellius,tellius.com,Tellius,,Reston,VA,,Fairfax,United States,tellius.com,,"",7372,"Prepackaged Software, Information Technology And Services",,5112,Software Publishers,Information Technology And Services,"",$1 Million - $10 Million,10 to 50,2015,879676,https://www.linkedin.com/company/tellius,,,,,,,UpLead
FAST TRACK Solutions,fasttrack-solutions.com,Fast Track,,Malta,para√≠ba,"","","",fasttrack-solutions.com,,"","",Information Technology And Services,,"",,Information Technology And Services,"","","",2016,,https://www.linkedin.com/company/10631279,"","","","","","",UpLead
Altis Consulting Pty Ltd,altis.com.au,Altis Consulting,Level 6 219 223 Castlereagh St,Sydney,NSW,2000,"",Australia,altis.com.au,61292111522,61292113634,737,"Computer Programming, Data Processing, And Other Computerrelated, Information Technology And Services",,54151,Computer Systems Design and Related Services,Information Technology And Services,"",$1 Million - $10 Million,50 to 200,1998,,https://www.linkedin.com/company/altis-consulting,,https://twitter.com/Altis_DWBI,,,,,UpLead
Foxtel,foxtel.com.au,Foxtel,Foxtel Management Pty. Limited 5 Thomas Holt Drive,North Ryde,SYDNEY,NSW 2113,"",Australia,foxtel.com.au,+61 8 9258 5201,"",48,"Communications, Broadcast Media",,515,Broadcasting (except Internet),Broadcast Media,"",$200 Million - $1 Billion,"1,000 to 5,000",,11640,https://www.linkedin.com/company/foxtel,https://www.facebook.com/FOXTEL,https://twitter.com/FOXTEL_Help,,,https://youtube.com/FOXTEL,,UpLead
3Easy & Co.,3easy.org,3Easy & Co.,Everyware,Sydney,,2000,,Australia,3easy.org,,,737,"Computer Programming, Data Processing, And Other Computerrelated, Internet",,54151,Computer Systems Design and Related Services,Internet,,$1 Million - $10 Million,1 to 10,,,https://www.linkedin.com/company/3easy-web-organisation,,https://twitter.com/3Easy,,,,,UpLead
Play,play.pl,Play (telecommunications),Tamowa 7,Warsaw,Mazowieckie,,"",Poland,play.pl,48 22 319 40 00,"",4812,"Radiotelephone Communication, Telecommunications",,517,Telecommunications,Telecommunications,"",$200 Million - $1 Billion,"1,000 to 5,000",2005,9687,https://www.linkedin.com/company/p4,https://www.facebook.com/Play,,,,,,UpLead
Wind River,windriver.com,"Wind River Systems, Inc.",500 Wind River Way,Alameda,CA,94501,Alameda,United States,windriver.com,(510) 748-4100,(510) 749-2011,7372,"Prepackaged Software, Computer Software",737102,5112,Software Publishers,Computer Software,"",$200 Million - $1 Billion,"1,000 to 5,000",1981,297982,https://www.linkedin.com/company/wind-river,https://www.facebook.com/WindRiverSystems,https://twitter.com/WindRiver,,,,http://www.crunchbase.com/company/wind-river,UpLead
RailSimulator.com Ltd,dovetailgames.com,RailSimulator.com Limited,The Observatory Chatham Maritime,Chatham,,ME4 4NT,"",United Kingdom,dovetailgames.com,44 1634 890 026,"",7372,"Prepackaged Software, Computer Games",,5112,Software Publishers,Computer Games,"",$10 Million - $50 Million,50 to 200,2008,228239,,https://www.facebook.com/railsimulator,https://twitter.com/dovetailgames,,,,,UpLead
Huron Consulting Group,huronconsultinggroup.com,Huron Consulting Group Inc,550 W Van Buren St,Chicago,IL,60607-3827,Cook,United States,huronconsultinggroup.com,(312) 583-8700,(302) 636-5454,8742,"Management Consulting Services, Management Consulting",874201,5416,"Management, Scientific, and Technical Consulting Services",Management Consulting,HURN,$200 Million - $1 Billion,"1,000 to 5,000",2002,500713,https://www.linkedin.com/company/5751,https://www.facebook.com/HuronConsulting,https://twitter.com/Huron,,http://www.yelp.com/biz/huron-consulting-charlotte,https://www.youtube.com/channel/UCCjoZaStA48qWzi1acO-IFw,https://www.crunchbase.com/organization/huron-consulting-group,UpLead
Dyson,dyson.com,"Dyson, Inc.",600 W Chicago Ave Ste 275,Chicago,IL,60654,Cook,United States,dyson.com,(312) 469-5950,"",50,"Wholesale Trade   Durable Goods, Electrical/Electronic Manufacturing",,4236,Household Appliances and Electrical and Electronic Goods Merchant Wholesalers,Electrical/Electronic Manufacturing,"",$100 Million - $200 Million,"",1993,,https://www.linkedin.com/company/dyson,https://www.facebook.com/dyson,https://twitter.com/Dyson,,http://www.yelp.com/biz/dyson-vacuums-chicago,,,UpLead
In Partnership,inpartnership.net,On-Line Partnership Group Ltd.,On Line House 50 56 North St,Horsham,,H12 1RD,"",United Kingdom,inpartnership.net,44 14 0321 4200,"",7299,"Miscellaneous Personal Services, Financial Services",,52,Finance and Insurance,Financial Services,"","","",2000,,https://www.linkedin.com/company/in-partnership,,,,,,,UpLead
Equity Bank,equitybank.co.ke,Equity Group Holdings Ltd,Equity Centre 9th Floor Hospital Hill Road Upper Hill ; Po Box 75104,Nairobi,,00200,,Kenya,equitybank.co.ke,+254 202262000,+254 202737276,60,"Depository Institutions, Banking",,5221,Depository Credit Intermediation,Banking,EQTY,$200 Million - $1 Billion,"5,000 to 10,000",,,https://www.linkedin.com/company/equity-group-holdings,https://www.facebook.com/KeEquityBank,https://twitter.com/KeEquityBank,,,,,UpLead
Fivetran,fivetran.com,Fivetran,,Oakland,CA,,Alameda,United States,fivetran.com,,"",7372,"Prepackaged Software, Computer Software",,5112,Software Publishers,Computer Software,"",$1 Million - $10 Million,10 to 50,2012,168984,https://www.linkedin.com/company/fivetran,,https://twitter.com/fivetran,,,,,UpLead
BizMachine,bizmachine.com,BizMachine,,Praha 8,,,"",Czech Republic,bizmachine.com,,"",7299,"Miscellaneous Personal Services, Information Services",,519,Other Information Services,Information Services,"",$1 Million - $10 Million,10 to 50,2016,,https://www.linkedin.com/company/bizmachine,,,,,,,UpLead
Primrose,primrose.co.uk,Meika Ltd,44 Portman Rd,Reading,,G30 1EA,"",United Kingdom,primrose.co.uk,44 1189 035 210,"",59,"Miscellaneous Retail, International Trade And Development",,4541,Electronic Shopping and Mail-Order Houses,International Trade And Development,"","","",2003,103376,https://www.linkedin.com/company/primrose-london,https://www.facebook.com/Primrose.co.uk,https://twitter.com/PrimroseUK,https://www.instagram.com/primrose.co.uk/,,https://youtube.com/user/primrosevideos,,UpLead
Caura & Co,caura.co,Caura & Co.,,Seattle,WA,,King,United States,caura.co,,"",737,"Computer Programming, Data Processing, And Other Computerrelated, Information Technology And Services",,54151,Computer Systems Design and Related Services,Information Technology And Services,"",Under $1 Million,1 to 10,,,https://www.linkedin.com/company/caura-services,,,,,,,UpLead
Glowforge,glowforge.com,Glowforge Inc.,2944 1st Ave S,Seattle,WA,98134,King,United States,glowforge.com,(855) 569-4878,"",3821,"Laboratory Apparatus And Furniture, Internet",999900,334,Computer and Electronic Product Manufacturing,Internet,"",$10 Million - $50 Million,50 to 200,2014,49724,https://www.linkedin.com/company/glowforge,https://www.facebook.com/glowforge,http://twitter.com/glowforge,https://www.instagram.com/glowforge/,,,http://www.crunchbase.com/organization/glowforge,UpLead
TINYpulse,tinypulse.com,Delight Labs LLC,200 W Thomas St Ste 100,Seattle,WA,98119,King,United States,tinypulse.com,206-455-9424,,737,"Computer Programming, Data Processing, And Other Computerrelated, Computer Software",737200,54151,Computer Systems Design and Related Services,Computer Software,,$1 Million - $10 Million,10 to 50,2011,36148,,https://www.facebook.com/TINYpulse,https://twitter.com/TINYpulse,https://www.instagram.com/_tinypulse/,,,http://www.crunchbase.com/organization/tinypulse,UpLead
Sierra Nevada Physical Therapy,sierranevadapt.com,Sierra Nevada Physical Therapy,10775 Pioneer Trl Ste 106 B,Truckee,CA,96161,Nevada,United States,sierranevadapt.com,(530) 448-5055,,80,"Health Services, Hospital & Health Care",,62,Health Care and Social Assistance,Hospital & Health Care,,$1 Million - $10 Million,10 to 50,,,,,,,http://www.yelp.com/biz/sierra-nevada-physical-therapy-truckee,,,UpLead
NHS Blood and Transplant,nhsbt.nhs.uk,NHS Blood and Transplant,Reeds Crescent,Watford,,WD24 4QN,"",United Kingdom,nhsbt.nhs.uk,44-300-123-2323,"",80,"Health Services, Hospital & Health Care",,62,Health Care and Social Assistance,Hospital & Health Care,"",Over $1 Billion,"5,000 to 10,000",,389403,https://www.linkedin.com/company/nhs-blood-and-transplant,https://www.facebook.com/NHSBlood,,,,,,UpLead
UBS,ubs.com,UBS Group AG,Bahnhofstr. 45 Po Box,Zuerich,NJ,8098,"",Switzerland,ubs.com,+41 442341111,+41 442399111,60,"Depository Institutions, Financial Services",628203,5221,Depository Credit Intermediation,Financial Services,UBS,Over $1 Billion,"Over 10,000",1862,3597,https://www.linkedin.com/company/ubs,https://www.facebook.com/UBSglobal,https://twitter.com/UBS,https://www.instagram.com/ubs/,http://www.yelp.com/biz/ubs-financial-services-houston-4,https://youtube.com/user/ubsglobal,http://www.crunchbase.com/organization/ubs,UpLead
Clearleft Ltd,clearleft.com,Clearleft,Studio 2 28 Kensington Street,Brighton,East Sussex,BN1 4AJ,"",United Kingdom,clearleft.com,44-(0)845-838-6163,"",73,"Business Services, Internet",,5414,Specialized Design Services,Internet,"",$1 Million - $10 Million,10 to 50,2005,323472,https://www.linkedin.com/company/clearleft-ltd,,https://twitter.com/clearleft,,,,,UpLead
Rittman Mead,rittmanmead.com,"Rittman Mead Consulting, Ltd.",1 Jubilee Street Third Floor South Suite,Brighton,,BN1 1GE,"",United Kingdom,rittmanmead.com,44 8446 697 995,"",73,"Business Services, Computer Software",874811,5415,Computer Systems Design and Related Services,Computer Software,"","","",2007,530101,https://www.linkedin.com/company/rittman-mead-consulting-ltd.,https://www.facebook.com/rittmanmead,https://twitter.com/rittmanmead,,,,,UpLead
University of Sussex,sussex.ac.uk,University of Sussex,Sussex House Brighton Bn1 9rh,Brighton,East Sussex,BN1 9RN,"",United Kingdom,sussex.ac.uk,0044-01273872581,"",82,"Educational Services, Higher Education",651301,6113,"Colleges, Universities, and Professional Schools",Higher Education,"",$100 Million - $200 Million,"1,000 to 5,000",1961,11231,https://www.linkedin.com/company/university-of-sussex,https://facebook.com/uniofsussex,https://twitter.com/SussexUni,,,,,UpLead
Imagination,imagination.com,The Imagination Group Limited,25 Store Street South Crescent,London,,C1E 7BL,"",United Kingdom,imagination.com,44 20 7323 3300,4.42E+11,73,"Business Services, Marketing And Advertising",733603,5414,Specialized Design Services,Marketing And Advertising,"",$1 Million - $10 Million,200 to 500,1968,244330,https://www.linkedin.com/company/imagination,,https://twitter.com/ImaginationLabs,,,,,UpLead
King.com Ltd.,king.com,King Digital Entertainment,Fitzwilton House Wilton Pl,Dublin,,,"",Ireland,king.com,44 20 3451 5464,"",7372,"Prepackaged Software, Entertainment",,5112,Software Publishers,Entertainment,"",Over $1 Billion,"",2002,,https://www.linkedin.com/company/king-t-inc-,https://www.facebook.com/King/,https://twitter.com/King_Games,,,https://www.youtube.com/user/KingOnlineGames,https://www.crunchbase.com/organization/king,UpLead
Coty Inc,cotyinc.com,"Coty UK - Beauty, Celebrated & Liberated",,London,,,,United Kingdom,cotyinc.com,,,737,"Computer Programming, Data Processing, And Other Computerrelated, Consumer Goods",738911,54151,Computer Systems Design and Related Services,Consumer Goods,,$200 Million - $1 Billion,"1,000 to 5,000",,675395,https://www.linkedin.com/company/cairo-food-industries,https://www.facebook.com/cotyinc,,,,,,UpLead
Essence Global,essenceglobal.com,Essence,Uk House 180 Oxford Street,London,London,W1D 1NN,,United Kingdom,essenceglobal.com,02077584200,,5813,"Drinking Places, Marketing And Advertising",,5418,"Advertising, Public Relations, and Related Services",Marketing And Advertising,,$100 Million - $200 Million,"1,000 to 5,000",2005,300009,https://www.linkedin.com/company/essence,,,,,,,UpLead
mParticle,mparticle.com,"mParticle, Inc.",381 Park Ave S Ste 815,New York,NY,10016,New York,United States,mparticle.com,(917) 692-2868,"",737,"Computer Programming, Data Processing, And Other Computerrelated, Internet",737112,54151,Computer Systems Design and Related Services,Internet,"",$10 Million - $50 Million,50 to 200,2013,298832,https://www.linkedin.com/company/mparticle-inc-,https://www.facebook.com/mParticle/,https://twitter.com/mParticles,https://www.instagram.com/mparticle/,,https://www.youtube.com/channel/UCLSEKemBRX66GjyMp4d2UJA,http://www.crunchbase.com/organization/mparticle,UpLead
Intricity,intricity.com,Intricity Llc,53 Frontage Rd Ste 105,Hampton,NJ,08827,Hunterdon,United States,intricity.com,(908) 280-2200,"",737,"Computer Programming, Data Processing, And Other Computerrelated, Information Technology And Services",738911,5416,"Management, Scientific, and Technical Consulting Services",Information Technology And Services,"",$1 Million - $10 Million,10 to 50,2006,491666,https://www.linkedin.com/company/intricity,https://www.facebook.com/pages/Intricity-LLC/108676382509683,,,,,,UpLead
Bcbgmaxazria,bcbg.com,Bcbgmaxazriagroup Sas,3 Rue D'uzes,Paris,,75002,"",France,bcbg.com,33 1 53 00 75 75,"",5621,"Women's Clothing Stores, Hospital & Health Care",562101,44812,Women's Clothing Stores,Hospital & Health Care,"",Over $1 Billion,"5,000 to 10,000",,90543,https://www.linkedin.com/company/bcbgmaxazria,https://www.facebook.com/BCBGMAXAZRIA,https://twitter.com/BCBGMAXAZRIA,,http://www.yelp.com/biz/bcbg-estero,,,UpLead
KNOTEL,knotel.com,"Knotel, Inc.",33 W 17th St,New York,NY,10011,New York,United States,knotel.com,(678) 827-2782,"",6531,"Real Estate Agents And Managers, Real Estate",,53131,Real Estate Property Managers,Real Estate,"",$1 Million - $10 Million,50 to 200,2015,165201,https://www.linkedin.com/company/knotel,https://www.facebook.com/knotelhq/,http://twitter.com/knotel,,,,https://www.crunchbase.com/organization/knotel,UpLead
Grailed,grailed.com,"Grailed, Inc.",550 Broadway Fl 3,New York,NY,10012,New York,United States,grailed.com,1-646-450-7455,"",5961,"Catalog And Mail Order Houses, Apparel & Fashion",,45411,Electronic Shopping and Mail-Order Houses,Apparel & Fashion,"",$1 Million - $10 Million,50 to 200,2013,2892,https://www.linkedin.com/company/grailed,,https://twitter.com/grailed_,,,,,UpLead
Cintra,cintra.com,Cintra Software & Services Inc,3 Park Ave 32nd Fl,New York,NY,10016,New York,United States,cintra.com,(212) 481-6501,1(212) 213-5827,7379,"Computer Related Services, Nec, Information Technology And Services",573401,541519,Other Computer Related Services,Information Technology And Services,"",$10 Million - $50 Million,50 to 200,1996,,https://www.linkedin.com/company/cintra-software-and-services,,,,,,,UpLead
DAS42,das42.com,Das42,,"",,"","","",das42.com,,"","",Information Technology And Services,,"",,Information Technology And Services,"","","",2015,,https://www.linkedin.com/company/10177552,,,,,,,UpLead
Regus,regus.com,Regus Business Center Corp.,100 Manhattanville Rd Ste 412,Purchase,ny,10577,Westchester,United States,regus.com,(424) 238-4302,"",6531,"Real Estate Agents And Managers, Facilities Services",,53131,,Facilities Services,"",$1 Million - $10 Million,50 to 200,1989,,https://www.linkedin.com/company/regus,https://www.facebook.com/RegusGlobal,http://twitter.com/RegusUSA,https://www.instagram.com/regus_group/,http://www.yelp.com/biz/regus-houston,https://www.youtube.com/user/Regus,https://www.crunchbase.com/organization/regus,UpLead
Codeweavers Ltd,codeweavers.net,Codeweavers Limited,Barn 4 Dunston Business Village Dunston,Stafford,,T18 9AB,"",United Kingdom,codeweavers.net,44 80 0021 0888,"",73,"Business Services, Information Technology And Services",,5415,Computer Systems Design and Related Services,Information Technology And Services,"",$10 Million - $50 Million,50 to 200,2000,356473,https://www.linkedin.com/company/codeweavers-limited,https://www.facebook.com/codeweaverssoftware,https://twitter.com/CodeweaversTeam,,,https://youtube.com/user/codeweaversltd,,UpLead
funda,funda.nl,Funda B.V.,Huys Europa Piet Heinkade 167 173,Amsterdam,,,"",Netherlands,funda.nl,31 20 561 8200,"",737,"Computer Programming, Data Processing, And Other Computerrelated, Internet",,54151,Computer Systems Design and Related Services,Internet,"",$10 Million - $50 Million,50 to 200,2000,9045,https://linkedin.com/company/funda,https://www.facebook.com/funda,https://twitter.com/funda,,,,,UpLead
Treatwell,treatwell.com,Treatwell,15 Fulwood Pl,London,LONDON,WC1V 6HU,"",United Kingdom,treatwell.com,31 20 790 0190,"",58,"Eating And Drinking Places, Internet",,54199,"All Other Professional, Scientific, and Technical Services",Internet,"",$10 Million - $50 Million,200 to 500,2008,,https://www.linkedin.com/company/treatwell-com,,,https://www.instagram.com/treatwell_uk,,,https://www.crunchbase.com/organization/wahanda,UpLead
interRel Consulting,interrel.com,"interRel Consulting Partners, LTD.",1000 Ballpark Way Ste 304,Arlington,TX,76011,Tarrant,United States,interrel.com,(972) 735-8716,"",7379,"Computer Related Services, Nec, Information Technology And Services",874201,541519,Other Computer Related Services,Information Technology And Services,"",$10 Million - $50 Million,50 to 200,1997,,https://www.linkedin.com/company/interrel-consulting,https://www.facebook.com/interRelConsultingPartners,https://twitter.com/interRel,,,https://www.youtube.com/channel/UCk5heHFfP_N_myMS2ijgr2w,https://www.crunchbase.com/organization/interrel-consulting,UpLead
HashedIn,hashedin.com,HashedIn Technologies Pvt Ltd,#90 2nd Floor 14th Main 17th Cross Hsr Layout,Bangalore,Karnataka,560102,"",India,hashedin.com,937 9948294,"",737,"Computer Programming, Data Processing, And Other Computerrelated, Information Technology And Services",,54151,Computer Systems Design and Related Services,Information Technology And Services,"",$1 Million - $10 Million,50 to 200,2010,352451,https://www.linkedin.com/company/hashedin,https://www.facebook.com/hashedin,https://twitter.com/HashedIn,,,,,UpLead
HubSpot,hubspot.com,HubSpot Inc,25 1st St Fl 2,Cambridge,MA,02141-1802,Middlesex,United States,hubspot.com,(888) 482-7768,(302) 655-5049,7372,"Prepackaged Software, Internet",737201,511210,Software Publishers,Internet,HUBS,$200 Million - $1 Billion,"1,000 to 5,000",2006,301,https://www.linkedin.com/company/hubspot,https://www.facebook.com/hubspot,https://twitter.com/HubSpot,https://instagram.com/hubspot/,http://www.yelp.com/biz/hubspot-cambridge,https://www.youtube.com/user/HubSpot,http://www.crunchbase.com/organization/hubspot,UpLead
Osmosis,osmosis.org,Osmosis - Knowledge Diffusion,,Baltimore,MD,,Baltimore City,United States,osmosis.org,,"",,Education Management,,61,Educational Services,Education Management,"",$1 Million - $10 Million,10 to 50,2013,23762,https://www.linkedin.com/company/osmosis---knowledge-diffusion,https://www.facebook.com/OsmoseIt,https://twitter.com/OsmoseIt,,,,,UpLead
"Red Ventures, LLC",redventures.com,"Red Ventures, LLC",1101 Red Ventures Dr,Fort Mill,SC,29707,York,United States,redventures.com,(704) 971-2300,"",7389,"Business Services, Nec, Marketing And Advertising",874214,54191,Marketing Research and Public Opinion Polling,Marketing And Advertising,"",$200 Million - $1 Billion,"1,000 to 5,000",2000,501798,https://www.linkedin.com/company/red-ventures,https://www.facebook.com/redventures,https://twitter.com/RedVentures,https://www.instagram.com/redventures/,http://www.yelp.com/biz/red-ventures-fort-mill,https://youtube.com/user/redventurescareers,http://www.crunchbase.com/organization/red-ventures,UpLead
The Kingdom,thekingdom.com.au,"The Kingdom, HubSpot Platinum Partner, Australia",65 Walkerville Ter,Gilberton,VT,5081,"",Australia,thekingdom.com.au,61882321125,"",7299,"Miscellaneous Personal Services, Marketing And Advertising",,5418,"Advertising, Public Relations, and Related Services",Marketing And Advertising,"",$1 Million - $10 Million,10 to 50,2009,984235,https://www.linkedin.com/company/the-kingdom-advertising,,,,,,,UpLead
Deloitte Australia,deloitte.com.au,Deloitte Touche Tohmatsu,1633 Broadway,New York,NY,10019,New York,United States,deloitte.com.au,(212) 489-1600,"",7389,"Business Services, Nec, Management Consulting",,54,"Professional, Scientific, and Technical Services",Management Consulting,"",Over $1 Billion,"Over 10,000",,225188,https://www.linkedin.com/company/deloitte-touche-tohmatsu-llc,https://www.facebook.com/deloitte,https://twitter.com/Green_Dot,,,https://youtube.com/user/deloittevideo,,UpLead
Episcopal Diocese of Milwaukee,diomil.org,Camp Webb Inc,804 E Juneau Ave,Milwaukee,WI,53202,Milwaukee,United States,diomil.org,(414) 272-3028,(866) 499-1973,86,"Membership Organizations, Religious Institutions",866112,8131,Religious Organizations,Religious Institutions,"",Under $1 Million,"",,,https://www.linkedin.com/company/episcopal-diocese-of-milwaukee,,,,,,,UpLead
BrightBridge Solutions,brightbridgesolutions.com,BrightBridge Solutions Limited,Fosseway Suite The Highcross Business Park Coventry Road,Sharnford,Leicestershire,LE10 3PG,"",United Kingdom,brightbridgesolutions.com,+44 33 0133 5000,"",737,"Computer Programming, Data Processing, And Other Computerrelated, Information Technology And Services",,54151,Computer Systems Design and Related Services,Information Technology And Services,"",$1 Million - $10 Million,10 to 50,2015,,https://www.linkedin.com/company/brightbridge-solutions-limited,,,,,,,UpLead
Chinti and Parker,chintiandparker.com,Chinti & Parker,,London,,,,United Kingdom,chintiandparker.com,,,59,"Miscellaneous Retail, Retail",,44,Retail Trade,Retail,,$1 Million - $10 Million,10 to 50,2009,,https://www.linkedin.com/company/chinti-and-parker,https://www.facebook.com/chintiandparker,https://twitter.com/chintiandparker,,,,,UpLead
Method R Corporation,method-r.com,Method R Corporation,530 Silicon Dr Ste 101,Southlake,TX,76092,Tarrant,United States,method-r.com,8179464964,6032187151,7372,"Prepackaged Software, Computer Software",737112,5112,Software Publishers,Computer Software,,Under $1 Million,1 to 10,2008,,https://www.linkedin.com/company/method-r-corporation,https://www.facebook.com/pages/Method-R-Corporation/170040323054594,https://twitter.com/MethodR,,,,,UpLead
Brado,ghergich.com,Beckon Media Inc.,1024 W Byron St #2w,Chicago,IL,60613,Cook,United States,ghergich.com,,"",,Marketing And Advertising,,5418,"Advertising, Public Relations, and Related Services",Marketing And Advertising,"",$1 Million - $10 Million,10 to 50,2012,,https://www.linkedin.com/company/beckon-media-inc-,https://www.facebook.com/ghergichandco,https://twitter.com/SEO,,,,,UpLead
Planhat,planhat.com,Planhat,Sveav√§gen 98,Stockholm,,11350,"",Sweden,planhat.com,,"",737,"Computer Programming, Data Processing, And Other Computerrelated, Information Technology And Services",,54151,Computer Systems Design and Related Services,Information Technology And Services,"",$1 Million - $10 Million,10 to 50,,314204,https://www.linkedin.com/company/planhat,,,,,,,UpLead
Satel Creative,satel.ca,Satel Creative,1275 West 6th Avenue Suite 300,Vancouver,BC,V6H 1A6,"",Canada,satel.ca,6046761466,6046761474,737,"Computer Programming, Data Processing, And Other Computerrelated, Information Technology And Services",,54151,Computer Systems Design and Related Services,Information Technology And Services,"",$1 Million - $10 Million,10 to 50,2002,,https://www.linkedin.com/company/satel-creative,https://www.facebook.com/pages/Satel-Creative/238521132849853,https://twitter.com/SatelCreative,,,,,UpLead
WLS Lighting Systems,wlslighting.com,"Wls Lighting Systems, Inc",1919 Windsor Pl,Fort Worth,TX,76110,Tarrant,United States,wlslighting.com,(817) 840-9318,"",1711,"Plumbing, Heating, Air Conditioning, Electrical/Electronic Manufacturing",505111,238210,Electrical Contractors and Other Wiring Installation Contractors,Electrical/Electronic Manufacturing,"",$1 Million - $10 Million,50 to 200,1969,,https://www.linkedin.com/company/wls-lighting-systems-inc,https://www.facebook.com/WLSLightingSystems,https://twitter.com/WLSLighting,,http://www.yelp.com/biz/wls-lighting-systems-fort-worth,,,UpLead
ADIA,adia.com,Adia,Stampfenbachstrasse 138,Zurich,NJ,8006,"",Switzerland,adia.com,,"",7299,"Miscellaneous Personal Services, Internet",,54199,"All Other Professional, Scientific, and Technical Services",Internet,"",$10 Million - $50 Million,50 to 200,2016,376512,https://www.linkedin.com/company/linx-app,,,,,,,UpLead
CIMA,cima.dk,CIMA Technologies DK,,K√∏benhavn K,,,"",Denmark,cima.dk,,"",737,"Computer Programming, Data Processing, And Other Computerrelated, Information Technology And Services",,54151,Computer Systems Design and Related Services,Information Technology And Services,"",$1 Million - $10 Million,10 to 50,2016,,https://www.linkedin.com/company/cima-technologies-dk,,,,,,,UpLead
FairPeople,fairpeople.com,FairPeople Denmark ApS,Vesterbrogade 20 3 Sal,Copenhagen,Denmark,1652,"",Denmark,fairpeople.com,40141188,"",737,"Computer Programming, Data Processing, And Other Computerrelated, Human Resources",,54151,Computer Systems Design and Related Services,Human Resources,"",$1 Million - $10 Million,10 to 50,2013,,https://www.linkedin.com/company/fairpeople,,,,,,,UpLead
MandM Direct,mandmdirect.com,M and M Direct,Clinton Road,Leominster,,,"",United Kingdom,mandmdirect.com,44 871 664 1326,441568613685,5961,"Catalog And Mail Order Houses, Retail",,45411,Electronic Shopping and Mail-Order Houses,Retail,"","","1,000 to 5,000",1987,24838,https://www.linkedin.com/company/m-and-m-direct,https://facebook.com/mandmdirect,https://twitter.com/mandmdirect,,,,,UpLead
Hillarys,hillarys.co.uk,Hillarys Blinds Limited,Unit 2 Churchill Park Private Road No 2,Colwick,,NG4 2JR,"",United Kingdom,hillarys.co.uk,44 11 5961 7420,"",1521,Retail,,3399,Other Miscellaneous Manufacturing,Retail,"",$200 Million - $1 Billion,"1,000 to 5,000",1971,228105,https://www.linkedin.com/company/hillarys-blinds-limited,https://www.facebook.com/LoveHillarys,https://twitter.com/hillarysblinds,,,,,UpLead
Football Index,footballindex.co.uk,Football Index,,"",,"","","",footballindex.co.uk,,"","",Gambling & Casinos,,"",,Gambling & Casinos,"","","",2012,241932,https://www.linkedin.com/company/1641576760,"","","","","","",UpLead
Xero,xero.com,Xero Ltd,19 23 Taranaki St Te Aro,Wellington,CT,6011,"",New Zealand,xero.com,+64 48194800,+64 48194801,7372,"Prepackaged Software, Computer Software",573401,511210,Software Publishers,Computer Software,XRO,$200 Million - $1 Billion,"1,000 to 5,000",2006,1410,https://www.linkedin.com/company/xero,https://www.facebook.com/Xero.Accounting,https://twitter.com/Xero,https://instagram.com/xero/,,https://www.youtube.com/user/XeroOnlineAccounting,http://www.crunchbase.com/organization/xero,UpLead
AXI,axi.be,Axi N.V.,Molenweg 107,Willebroek,RI,2830,"",Belgium,axi.be,32 3 860 40 00,"",737,"Computer Programming, Data Processing, And Other Computerrelated, Information Technology And Services",,54151,Computer Systems Design and Related Services,Information Technology And Services,"",$10 Million - $50 Million,200 to 500,1985,,https://www.linkedin.com/company/axi,https://facebook.com/axinews,,,,,,UpLead
Red Pill Analytics,redpillanalytics.com,Red Pill Analytics,400 Carl St Unit 201,Wilmington,NC,28403,New Hanover,United States,redpillanalytics.com,(910) 232-9700,"",7372,"Prepackaged Software, Computer Software",,5416,"Management, Scientific, and Technical Consulting Services",Computer Software,"",$1 Million - $10 Million,10 to 50,2014,,https://www.linkedin.com/company/red-pill-analytics,,https://twitter.com/RedPillA,,,,,UpLead
Quest Software Inc.,quest.com,"Dell Software, Inc.",4 Polaris Way,Aliso Viejo,CA,92656,Orange,United States,quest.com,(949) 754-8000,(301) 820-4871,7372,"Prepackaged Software, Computer Software",737415,5112,Software Publishers,Computer Software,"",$200 Million - $1 Billion,"1,000 to 5,000",1987,35368,https://www.linkedin.com/company/dell-software,https://www.facebook.com/dellsoftware,https://twitter.com/DellSoftware,,,,http://www.crunchbase.com/company/quest-software,UpLead
Walmart,walmart.com,Walmart,406 S Walton Blvd,Bentonville,AR,72712,Clark,United States,walmart.com,479-273-0060,"",5311,Retail,,452210,,Retail,WMT,Over $1 Billion,"Over 10,000",1962,191,https://www.linkedin.com/company/2646,https://www.facebook.com/walmart,https://twitter.com/Walmart,"","","","",UpLead
scopely,scopely.com,"Scopely, Inc.",3530 Hayden Ave Ste A,Culver City,CA,90232,Los Angeles,United States,scopely.com,(323) 400-6618,"",7372,"Prepackaged Software, Internet",737211,5112,Software Publishers,Internet,"",$50 Million - $100 Million,200 to 500,2011,172919,https://www.linkedin.com/company/2057437,https://www.facebook.com/ScopelyLA,https://twitter.com/scopely,https://www.instagram.com/scopely/,,https://www.youtube.com/channel/UC5xBg5juVvoqDZUz0TZP77A,https://www.crunchbase.com/organization/scopely,UpLead
Jeffrey Jacobs & Associates,jeffreyjacobs.com,"Jeffrey Jacobs & Associates, Llc",800 Sea Spray Ln #207,Foster City,CA,94404,San Mateo,United States,jeffreyjacobs.com,16505717092,18006651379,,Management Consulting,737911,5416,"Management, Scientific, and Technical Consulting Services",Management Consulting,,$1 Million - $10 Million,10 to 50,,,,,,,,,,UpLead
"FRACTURE, INC.",fractureme.com,Fracture,112 Sw 6th St,Gainesville,FL,32601,Alachua,United States,fractureme.com,(352) 234-3722,"",59,"Miscellaneous Retail, Consumer Goods",801116,44,Retail Trade,Consumer Goods,"",$1 Million - $10 Million,10 to 50,2009,230204,https://www.linkedin.com/company/fracture,,,,http://www.yelp.com/biz/fracture-gainesville-2,,,UpLead
Jones Companies,jones.com,"Jones International, Ltd.",9697 E Mineral Ave,Centennial,CO,80112,Arapahoe,United States,jones.com,303-784-8904,13037991644,737,"Computer Programming, Data Processing, And Other Computerrelated, Computer Software",506516,54151,Computer Systems Design and Related Services,Computer Software,,$10 Million - $50 Million,200 to 500,1969,,,,,,,,,UpLead
Educational Attainment Services,educationalattainmentservices.com,Educational Attainment Services,601 S Figueroa. St Ste 4050,Los Angeles,CA,90017,Los Angeles,United States,educationalattainmentservices.com,(323) 570-1662,,,"",,61,Educational Services,,,$1 Million - $10 Million,1 to 10,,,,,https://twitter.com/EASconsultants,,http://www.yelp.com/biz/educational-attainment-services-los-angeles,,,UpLead
Healios,healios.org.uk,Healios,Viceroy House Unit 2 Millbrook Road East,Southampton,Hampshire,,"",United Kingdom,healios.org.uk,,"",80,"Health Services, Hospital & Health Care",,62,Health Care and Social Assistance,Hospital & Health Care,"",$1 Million - $10 Million,10 to 50,2013,,https://www.linkedin.com/company/healios,,,,,,,UpLead
Pandata Group,pandatagroup.com,Pandata Group,2810 Crossroads Dr Ste 4000,Madison,WI,53718,Dane,United States,pandatagroup.com,1(608) 228-3217,"",737,"Computer Programming, Data Processing, And Other Computerrelated, Information Technology And Services",,54151,Computer Systems Design and Related Services,Information Technology And Services,"",$1 Million - $10 Million,10 to 50,2014,,https://www.linkedin.com/company/pandata-group,,,,,,,UpLead
Apex Auctions USA,apexauctions.com,"Apex Auctions USA, Inc",27475 Ferry Rd Ste 127,Warrenville,IL,60555,Dupage,United States,apexauctions.com,(630) 717-3720,(630) 717-3721,3599,"Industrial Machinery, Nec, Machinery",,333,Machinery Manufacturing,Machinery,"",$1 Million - $10 Million,10 to 50,,,https://www.linkedin.com/company/apex-auctions-ltd,,,,,,,UpLead
The Silicon Review,thesiliconreview.com,The Silicon Review,#3240 East State St,Ext Hamilton,NJ,08619,"",United States,thesiliconreview.com,(510) 400-4523,"",78,"Motion Pictures, Media Production",,5121,Motion Picture and Video Industries,Media Production,"",$10 Million - $50 Million,50 to 200,2012,50592,https://www.linkedin.com/company/thesiliconreview,,,,,,,UpLead
Seer Interactive,seerinteractive.com,New Equation,1033 N 2nd St 2nd Floor Seer Interactive,Philadelphia,PA,19123,Philadelphia,United States,seerinteractive.com,(215) 967-4461,"",8742,"Management Consulting Services, Marketing And Advertising",874214,541613,Marketing Consulting Services,Marketing And Advertising,"",$10 Million - $50 Million,50 to 200,2002,144992,https://www.linkedin.com/company/seer-interactive,https://www.facebook.com/SEERInteractive,https://twitter.com/SEERInteractive,,,https://www.youtube.com/user/seerinteractive,http://www.crunchbase.com/organization/seer-interactive,UpLead
Stitch,stitchdata.com,"Stitch, Inc.",,Philadelphia,PA,,Philadelphia,United States,stitchdata.com,,"",7372,"Prepackaged Software, Computer Software",,5112,Software Publishers,Computer Software,"",$1 Million - $10 Million,10 to 50,2016,162324,https://www.linkedin.com/company/stitch-data,https://www.facebook.com/stitchdata,http://twitter.com/stitch_data,https://www.instagram.com/stitch_data/,,,https://www.crunchbase.com/organization/stitch-5,UpLead
Lantrns Analytics,lantrns.co,Lantrns Analytics,,Gatineau,Qu√©bec,,,Canada,lantrns.co,,,737,"Computer Programming, Data Processing, And Other Computerrelated, Information Technology And Services",,54151,Computer Systems Design and Related Services,Information Technology And Services,,Under $1 Million,1 to 10,,,https://www.linkedin.com/company/lantrns-co,,,,,,,UpLead
Incorta,incorta.com,"InCorta, Inc.",1500 Fashion Island Blvd,San Mateo,CA,94404,San Mateo,United States,incorta.com,(650) 250-1481,"",737,"Computer Programming, Data Processing, And Other Computerrelated, Information Technology And Services",737112,54151,Computer Systems Design and Related Services,Information Technology And Services,"",$10 Million - $50 Million,50 to 200,2013,624972,https://www.linkedin.com/company/incorta,https://www.facebook.com/Incorta/,https://twitter.com/incorta,,,https://www.youtube.com/channel/UCaBm331NHOI5w8wKxJtux_g,https://www.crunchbase.com/organization/incorta,UpLead
Talend,talend.com,Talend K.K.,800 Bridge Parkway Suite 200,Redwood City,CA,94065,"",United States,talend.com,33146250600,"",7372,"Prepackaged Software, Computer Software",,5112,,Computer Software,TLND,"","",2005,,https://www.linkedin.com/company/65485,https://www.facebook.com/talend,https://twitter.com/Talend,,,https://www.youtube.com/user/TalendChannel,http://www.crunchbase.com/organization/talend,UpLead
IWG,iwgplc.com,IWG Plc,26 Boulevard Royal,Luxembourg,,2449,,Luxembourg,iwgplc.com,+41 417232323,,7389,"Business Services, Nec, Real Estate",,53131,Real Estate Property Managers,Real Estate,IWGG,Over $1 Billion,"5,000 to 10,000",2016,213734,https://www.linkedin.com/company/4586,https://www.facebook.com/regususa,https://twitter.com/RegusUSA,,,,,UpLead
KUEHNE + NAGEL INC,kuehne-nagel.com,Kuehne + Nagel,Kuehne + Nagel Dorfstrasse 50,Schindellegi,Schwyz,8834,"",Switzerland,kuehne-nagel.com,2014135500,"",4731,"Freight Transportation Arrangement, Logistics And Supply Chain",,48851,Freight Transportation Arrangement,Logistics And Supply Chain,"",Over $1 Billion,"Over 10,000",1890,,https://www.linkedin.com/company/kuehne-nagel,,,,,,,UpLead
Google,google.com,"Google, Inc.",1600 Amphitheatre Pky,Mountain View,CA,94043,Santa Clara,United States,google.com,(650) 253-0000,(202) 346-1101,737,"Computer Programming, Data Processing, And Other Computerrelated, Internet",,54151,Computer Systems Design and Related Services,Internet,GOOGL,Over $1 Billion,"Over 10,000",1998,1,https://www.linkedin.com/company/google,http://www.facebook.com/Google,https://twitter.com/google,https://instagram.com/google,http://www.yelp.com/biz/vin-web-2-0-social-media-network-video-blog-marketing-consulting-new-york,https://www.youtube.com/user/Google,https://www.crunchbase.com/organization/google,UpLead
Cardinal Blue Software,cardinalblue.com,"Cardinal Blue Software, Inc.",148 Stro,Mountain View,CA,94041,Santa Clara,United States,cardinalblue.com,650-906-8890,,7372,"Prepackaged Software, Computer Software",,5112,Software Publishers,Computer Software,,Under $1 Million,1 to 10,2009,,,https://www.facebook.com/cardinalblue.inc,https://twitter.com/_cardinalblue,,,,,UpLead
Wootric New Contacts,wootric.com,"Wootric, Inc.",3616 18th St Apt 1,San Francisco,CA,94110,San Francisco,United States,wootric.com,(415) 860-4307,"",737,"Computer Programming, Data Processing, And Other Computerrelated, Internet",,54151,Computer Systems Design and Related Services,Internet,"",$1 Million - $10 Million,1 to 10,2013,89669,https://www.linkedin.com/company/wootric,https://www.facebook.com/wootric,https://twitter.com/wootric,,,,,UpLead
Trifacta Inc.,trifacta.com,Trifacta Inc.,575 Market St 11th Fl,San Francisco,CA,94105,San Francisco,United States,trifacta.com,(844) 332-2821,"",7372,"Prepackaged Software, Computer Software",573413,5112,Software Publishers,Computer Software,"",$10 Million - $50 Million,50 to 200,2012,253544,https://www.linkedin.com/company/trifacta,https://www.facebook.com/Trifacta,https://twitter.com/trifacta,,,https://www.youtube.com/user/TrifactaInc,http://www.crunchbase.com/organization/trifacta,UpLead
WE Codeword,codewordagency.com,Codeword,145 W 30th St 7th Fl,New York,NY,10001,New York,United States,codewordagency.com,(801) 980-5546,"",8742,"Management Consulting Services, Marketing And Advertising",,541613,Marketing Consulting Services,Marketing And Advertising,"",$10 Million - $50 Million,50 to 200,2010,,https://www.linkedin.com/company/codeword,,,,,,,UpLead
accelo,accelo.com,"Accelo, Inc",880 Harrison St Ste 302,San Francisco,CA,94107,San Francisco,United States,accelo.com,(800) 425-7315,"",737,"Computer Programming, Data Processing, And Other Computerrelated, Internet",,5416,"Management, Scientific, and Technical Consulting Services",Internet,"",$1 Million - $10 Million,10 to 50,2011,54217,https://www.linkedin.com/company/accelo,https://www.facebook.com/acceloinc/,http://twitter.com/accelo,,,https://www.youtube.com/user/affinitylive,https://www.crunchbase.com/organization/affinitylive,UpLead
GitLab,gitlab.com,Gitlab B.V.,Ondiep 108,Utrecht,,3552EK,"",Netherlands,gitlab.com,4152412453,"",737,"Computer Programming, Data Processing, And Other Computerrelated, Information Technology And Services",,54151,Computer Systems Design and Related Services,Information Technology And Services,"",$10 Million - $50 Million,200 to 500,2014,1125,https://www.linkedin.com/company/gitlab-com,https://www.facebook.com/gitlab,https://twitter.com/gitlab,https://instagram.com/amazon/,http://www.yelp.com/biz/amazon-books-seattle,https://www.youtube.com/channel/UCnMGQ8QHMAnVIsI3xJrihhg,https://www.crunchbase.com/organization/gitlab-com,UpLead
Mode Analytics,modeanalytics.com,"Mode Analytics, Inc.",3089 22nd St Apt 3,San Francisco,CA,94110,San Francisco,United States,modeanalytics.com,(415) 640-2026,"",737,"Computer Programming, Data Processing, And Other Computerrelated, Computer Software",999900,54151,Computer Systems Design and Related Services,Computer Software,"",$1 Million - $10 Million,1 to 10,2013,38211,,https://www.facebook.com/ModeAnalytics,https://twitter.com/ModeAnalytics,,,,https://www.crunchbase.com/organization/mode-analytics,UpLead
Sigma Computing,sigmacomputing.com,Sigma Computing,,San Francisco,CA,,,United States,sigmacomputing.com,,,737,"Computer Programming, Data Processing, And Other Computerrelated, Information Technology And Services",,54151,Computer Systems Design and Related Services,Information Technology And Services,,$1 Million - $10 Million,10 to 50,,373162,https://www.linkedin.com/company/sigma-computing,,,,,,,UpLead
Product Madness Inc,productmadness.com,"Product Madness, Inc.",220 Halleck St Ste 220,San Francisco,CA,94104,San Francisco,United States,productmadness.com,(415) 817-1345,1(415) 817-1345,7372,"Prepackaged Software, Gambling & Casinos",737211,5112,Software Publishers,Gambling & Casinos,"",$1 Million - $10 Million,50 to 200,2007,341211,https://www.linkedin.com/company/product-madness,,https://twitter.com/Heart_of_Vegas,,,,,UpLead
Personyze,personyze.com,Personyze,13 Yehuda Mozes,Tel Aviv,,67442,"",Israel,personyze.com,1-888-831-8911,"",737,"Computer Programming, Data Processing, And Other Computerrelated, Internet",,54151,Computer Systems Design and Related Services,Internet,"",$1 Million - $10 Million,10 to 50,2008,,https://www.linkedin.com/company/personyze,,,,,,,UpLead
Quistor,quistor.com,Quistor Enterprises B.V.,Steenbergsestraat 49,Bergen Op Zoom,,,"",Netherlands,quistor.com,31 16 421 3300,"",73,"Business Services, Information Technology And Services",,5415,Computer Systems Design and Related Services,Information Technology And Services,"","","",2005,,https://www.linkedin.com/company/quistor,https://www.facebook.com/quistor,https://twitter.com/quistorcompany,,,,,UpLead
COLE FRANCIS LIMITED,colefrancis.com,Cole Francis Limited,15 Boltro Rd,Haywards Heath,WEST SUSSEX,RH16 1BP,,United Kingdom,colefrancis.com,,,8111,"Legal Services, Legal Services",,5411,Legal Services,Legal Services,,"","",2013,,,,,,,,,UpLead
Manning Publications,manning.com,"Manning Publications Co., Llc",20 Baldwin Rd,Shelter Island,NY,11963,Suffolk,United States,manning.com,(203) 626-1510,"",2731,"Book Publishing, Publishing",152103,51113,Book Publishers,Publishing,"",$1 Million - $10 Million,10 to 50,1990,17057,https://www.linkedin.com/company/manning-publications-co,https://www.facebook.com/ManningBooks,https://twitter.com/ManningBooks,,,,,UpLead
Innive,inniveinc.com,Innive Inc,18018 Malakai Ilse Dr,Tampa,FL,33647,Hillsborough,United States,inniveinc.com,(813) 613-3117,"",737,"Computer Programming, Data Processing, And Other Computerrelated, Information Technology And Services",,54151,Computer Systems Design and Related Services,Information Technology And Services,"",$10 Million - $50 Million,200 to 500,2015,,https://www.linkedin.com/company/innive-inc,,,,,,,UpLead
Ecoation,ecoation.com,Ecoation Innovative Solutions Inc (EIS).,,North Vancouver,BC,,,Canada,ecoation.com,,,737,"Computer Programming, Data Processing, And Other Computerrelated, Information Technology And Services",,54151,Computer Systems Design and Related Services,Information Technology And Services,,$1 Million - $10 Million,10 to 50,,,https://www.linkedin.com/company/ecoation-innovative-solutions-inc-,,,,,,,UpLead
Cymphony,cymphony.co.uk,Cymphony,,Andover,Hampshire,,,United Kingdom,cymphony.co.uk,,,4812,"Radiotelephone Communication, Telecommunications",,517,Telecommunications,Telecommunications,,$1 Million - $10 Million,10 to 50,2004,,https://www.linkedin.com/company/cymphony,,,,,,,UpLead
Eden Smith,edensmith.co.uk,Eden Smith Limited,,London,,,,United Kingdom,edensmith.co.uk,,,7363,"Help Supply Services, Staffing And Recruiting",,5613,Employment Services,Staffing And Recruiting,,$1 Million - $10 Million,10 to 50,2016,,https://www.linkedin.com/company/eden-smith-limited,,,,,,,UpLead
Looker Data Sciences,looker.com,"Looker Data Sciences, Inc.",101 Church St,Santa Cruz,CA,95060,Santa Cruz,United States,looker.com,(831) 244-0340,"",737,"Computer Programming, Data Processing, And Other Computerrelated, Computer Software",573401,54151,Computer Systems Design and Related Services,Computer Software,"",$10 Million - $50 Million,200 to 500,2012,14105,https://www.linkedin.com/company/looker,https://www.facebook.com/LookerData,https://twitter.com/LookerData,,,https://www.youtube.com/user/LookerData,http://www.crunchbase.com/organization/looker,UpLead
Colourpop,colourpop.com,ColourPop Cosmetics,,Oxnard,CA,,Ventura,United States,colourpop.com,,"",7299,"Miscellaneous Personal Services, Apparel & Fashion",,315,Apparel Manufacturing,Apparel & Fashion,"",$100 Million - $200 Million,"",2014,4018,https://www.linkedin.com/company/colourpop-cosmetics,https://www.facebook.com/ColourPopCosmetics,https://twitter.com/ColourPopCo,,,,,UpLead
Let's Do This,letsdothis.com,LetsDoThis.com (YC W18),,London,England,,"",United Kingdom,letsdothis.com,,"",4899,"Communication Services, Nec, Sports",,81299,All Other Personal Services,Sports,"",Under $1 Million,1 to 10,2016,247515,https://www.linkedin.com/company/lets-do-this,,,,,,,UpLead
Lithko Contracting,lithko.com,Lithko Contracting LLC,2958 Crescentville Rd,West Chester,OH,45069,Butler,United States,lithko.com,(513) 564-2000,(513) 863-7913,15,"Construction   General Contractors & Operative Builders, Construction",179977,23,Construction,Construction,"",$200 Million - $1 Billion,"1,000 to 5,000",1992,,https://www.linkedin.com/company/lithko-contracting,https://www.facebook.com/Lithko,https://twitter.com/LithkoLLC,,,,,UpLead
CDO Partners,cdo-partners.com,CDO Partners Ltd,,Brighton,East Sussex,,,United Kingdom,cdo-partners.com,,,737,"Computer Programming, Data Processing, And Other Computerrelated, Information Technology And Services",,54151,Computer Systems Design and Related Services,Information Technology And Services,,Under $1 Million,1 to 10,2016,,https://www.linkedin.com/company/cdo-partners,,,,,,,UpLead
Amazon,amazon.com,"Amazon.com, Inc.",410 Terry Ave N,Seattle,WA,98109-5210,King,United States,amazon.com,(206) 266-1000,(302) 636-5454,5961,"Catalog And Mail Order Houses, Internet",,45411,Electronic Shopping and Mail-Order Houses,Internet,AMZN,Over $1 Billion,"Over 10,000",1994,,https://www.linkedin.com/company/amazon,https://www.facebook.com/Amazon,https://twitter.com/amazon,https://instagram.com/amazon/,http://www.yelp.com/biz/amazon-books-seattle,https://www.youtube.com/user/amazon,https://www.crunchbase.com/organization/amazon,UpLead
Plus Accounting,plusaccounting.co.uk,"Plus Accounting, Chartered Accountants",Preston Park House South Road,Brighton,East Sussex,BN1 6SB,"",United Kingdom,plusaccounting.co.uk,441273701200,441273701300,8721,"Accounting, Auditing, And Bookkeeping, Accounting",,5412,"Accounting, Tax Preparation, Bookkeeping, and Payroll Services",Accounting,"",$1 Million - $10 Million,10 to 50,1992,,https://www.linkedin.com/company/plus-accounting-chartered-accountants,,,,,,,UpLead
Wired Sussex,wiredsussex.com,Wired Sussex,,East Sussex,east sussex,"","","",wiredsussex.com,441273692888,441273691854,"",Non Profit Organization Management,,"",,Non Profit Organization Management,"","","",1996,421281,https://www.linkedin.com/company/wired-sussex,"","","","","","",UpLead
Squarespace,squarespace.com,"Squarespace, Inc.",459 Broadway 5th Fl,New York,NY,10013,New York,United States,squarespace.com,(646) 580-3456,"",7374,"Computer Programming, Data Processing, And Other Computerrelated, Internet",799201,54151,Computer Systems Design and Related Services,Internet,"",$50 Million - $100 Million,"",2003,604,https://www.linkedin.com/company/squarespace,,,https://instagram.com/squarespace/,http://www.yelp.com/biz/squarespace-new-york,https://youtube.com/squarespace,https://www.crunchbase.com/organization/squarespace,UpLead
Fishtown Analytics,fishtownanalytics.com,Fishtown Analytics,,Philadelphia,PA,,Philadelphia,United States,fishtownanalytics.com,,"",7372,"Prepackaged Software, Computer Software",,5112,Software Publishers,Computer Software,"",$1 Million - $10 Million,1 to 10,2016,,https://www.linkedin.com/company/fishtown-analytics,,,,,,,UpLead
UK Oracle User Group,ukoug.org,UK Oracle User Group,591 593 Kingston Rd,Wimbledon,London,SW20 8SA,"",United Kingdom,ukoug.org,442085459670,448709000335,737,"Computer Programming, Data Processing, And Other Computerrelated, Information Technology And Services",,54151,Computer Systems Design and Related Services,Information Technology And Services,"",$1 Million - $10 Million,10 to 50,1983,,https://www.linkedin.com/company/ukoug,,https://twitter.com/UKOUG,,,,,UpLead
East Sussex County Council,eastsussex.gov.uk,East Sussex County Council,County Hall St Anne's Crescent,Lewes,,BN7 1UE,"",United Kingdom,eastsussex.gov.uk,4.41E+11,4.41E+11,9121,Government Administration,,92,Public Administration,Government Administration,"",$100 Million - $200 Million,"1,000 to 5,000",1889,,https://www.linkedin.com/company/east-sussex-county-council,https://www.facebook.com/eastsussexlibraries,,,,,,UpLead
Qubit,qubit.com,Qubit.,,"",,,"",United States,qubit.com,44(203) 551-3990,"",737,"Computer Programming, Data Processing, And Other Computerrelated, Internet",,54151,Computer Systems Design and Related Services,Internet,"",$50 Million - $100 Million,200 to 500,2010,167820,https://www.linkedin.com/company/768977,https://www.facebook.com/qubit,https://twitter.com/qubitgroup,,,,http://www.crunchbase.com/organization/qubit,UpLead
Microsoft,microsoft.com,Microsoft Corporation,1 Microsoft Way,Redmond,WA,98052-6399,King,United States,microsoft.com,(425) 882-8080,(425) 706-7329,7372,"Prepackaged Software, Computer Software",,511210,Software Publishers,Computer Software,MSFT,Over $1 Billion,"Over 10,000",1974,34,https://www.linkedin.com/company/1035,https://www.facebook.com/Microsoft,https://twitter.com/Microsoft,https://www.instagram.com/microsoft/,http://www.yelp.com/biz/microsoft-windows-10-redmond,https://youtube.com/xbox,https://www.crunchbase.com/organization/microsoft,UpLead
Brighton & Hove City Council,brighton-hove.gov.uk,Brighton & Hove City Council,Kings House Grand Avenue,Hove,East Sussex,BN3 2LS,"",United Kingdom,brighton-hove.gov.uk,+44 1273 290000,"",86,"Membership Organizations, Government Administration",,92,Public Administration,Government Administration,"",Over $1 Billion,"5,000 to 10,000",1997,85003,https://www.linkedin.com/company/brighton-&-hove-city-council,https://www.facebook.com/BrightonandHoveCityCouncil,https://twitter.com/BrightonHoveCC,,,https://youtube.com/user/BrightonandHoveGovUk,,UpLead
Spaces,spacesworks.com,Spaces. offices | co-working | meeting rooms.,Amsterdam Center Herengracht 124 128,Amsterdam,Noord-Holland,1015 BT,"",Netherlands,spacesworks.com,31202627600,"",65,"Real Estate, Commercial Real Estate",,53,Real Estate and Rental and Leasing,Commercial Real Estate,"",$10 Million - $50 Million,50 to 200,2008,181890,https://www.linkedin.com/company/spaces-amsterdam,,https://twitter.com/spacesworks,,,,,UpLead
